{"type":"FeatureCollection","features":[{"type":"Feature","id":"ua-national-1991","properties":{"id":"ua-national-1991","name":"Україна (Державний кордон 1991 року, включаючи Крим)","type":"state_border"},"geometry":{"type":"MultiPolygon","coordinates":[[[[22.131221312213142,48.40531307143732],[22.156421564215663,48.40193591689757],[22.160021600215998,48.40193591689757],[22.17082170821709,48.4086902259771],[22.20322203222034,48.4188216895964],[22.23562235622356,48.41544453505662],[22.27162271622717,48.403624494167445],[22.257222572225743,48.37323010330954],[22.257222572225743,48.35803290788061],[22.289622896228963,48.35803290788061],[22.300423004230055,48.349590021531185],[22.300423004230055,48.33945855791191],[22.29682296822969,48.327638517022706],[22.29682296822969,48.314129898863655],[22.307623076230783,48.29386697162508],[22.358023580235823,48.243209653528595],[22.365223652236523,48.238143921718944],[22.37962379623798,48.238143921718944],[22.38682386823868,48.243209653528595],[22.390423904239043,48.24489823079847],[22.39762397623977,48.24489823079847],[22.419224192241927,48.238143921718944],[22.433624336243383,48.23645534444904],[22.44802448024481,48.238143921718944],[22.469624696246967,48.24489823079847],[22.47322473224733,48.24489823079847],[22.476824768247695,48.243209653528595],[22.48042480424806,48.243209653528595],[22.55602556025562,48.17735514000316],[22.570425704257048,48.15709221276455],[22.584825848258504,48.1250092446368],[22.59922599225993,48.10136916285845],[22.60642606426066,48.096303431048796],[22.620826208262088,48.10136916285845],[22.692826928269284,48.10136916285845],[22.710827108271076,48.1064348946681],[22.728827288272896,48.11318920374762],[22.746827468274688,48.11656635828737],[22.761227612276116,48.10981204920785],[22.76482764827648,48.104746317398195],[22.800828008280092,48.091237699239144],[22.829628296282976,48.07266334927044],[22.844028440284404,48.060843308381266],[22.854828548285496,48.047334690222186],[22.862028620286196,48.028760340253484],[22.85842858428586,48.01862887663418],[22.851228512285132,48.00849741301488],[22.851228512285132,47.993300217585954],[22.83322833228334,47.978103022157],[22.84042840428404,47.966282981267824],[22.876428764287652,47.94602005402922],[22.89802898028981,47.95108578583887],[22.9160291602916,47.9595286721883],[22.92322923229233,47.97303729034735],[22.9160291602916,47.993300217585954],[22.92322923229233,48.00512025847513],[22.937629376293756,48.00512025847513],[22.955629556295577,48.00005452666548],[22.97362973629737,47.993300217585954],[22.988029880298797,47.9865459085064],[23.006030060300617,47.98316875396665],[23.020430204302045,47.984857331236526],[23.063630636306357,48.006808835745005],[23.078030780307813,48.02369460844383],[23.09963099630997,48.07097477200054],[23.11763117631176,48.091237699239144],[23.139231392313917,48.09799200831867],[23.1608316083161,48.096303431048796],[23.232832328323298,48.07941765834997],[23.247232472324725,48.07097477200054],[23.290432904329037,48.03889180387279],[23.337233372333742,48.01018599028478],[23.358833588335898,47.993300217585954],[23.366033660336598,47.99161164031605],[23.373233732337326,47.98992306304618],[23.380433804338054,47.99161164031605],[23.391233912339118,47.993300217585954],[23.394833948339482,47.993300217585954],[23.45963459634598,47.971348713077475],[23.481234812348134,47.971348713077475],[23.4848348483485,47.974725867617224],[23.488434884348862,47.976414444887126],[23.495634956349562,47.979791599426875],[23.499234992349926,47.9865459085064],[23.50283502835029,47.993300217585954],[23.513635136351382,47.998365949395605],[23.524435244352446,48.001743103935354],[23.564035640356423,48.00512025847513],[23.582035820358215,48.001743103935354],[23.646836468364683,47.9966773721257],[23.68643686436866,47.9865459085064],[23.71163711637118,47.984857331236526],[23.78003780037801,47.9882344857763],[23.798037980379803,47.98148017669678],[23.848438484384843,47.949397208568996],[23.85563855638557,47.93420001314004],[23.877238772387727,47.93420001314004],[23.978039780397808,47.96290582672805],[24.010440104401056,47.96121724945817],[24.024840248402484,47.95277436310877],[24.075240752407524,47.944331476759345],[24.093240932409344,47.93757716767982],[24.132841328413292,47.913937085901466],[24.14724147241472,47.91224850863156],[24.150841508415084,47.91224850863156],[24.208442084420852,47.89705131320264],[24.23004230042301,47.89705131320264],[24.29844298442984,47.91900281771112],[24.34884348843488,47.92069139498099],[24.384843848438493,47.944331476759345],[24.410044100441013,47.95277436310877],[24.428044280442805,47.95277436310877],[24.485644856448573,47.94264289948947],[24.54324543245434,47.944331476759345],[24.561245612456133,47.94095432221957],[24.56844568445686,47.93757716767982],[24.60804608046081,47.922379972250866],[24.63324633246333,47.908871354091815],[24.647646476464786,47.895362735932736],[24.654846548465486,47.87847696323391],[24.65844658446585,47.86665692234473],[24.662046620466214,47.85314830418568],[24.680046800468006,47.83963968602663],[24.712447124471254,47.82613106786755],[24.795247952479542,47.80417956335907],[24.80964809648097,47.79573667700967],[24.820448204482062,47.783916636120495],[24.852848528485282,47.74339078164331],[24.878048780487802,47.71806212259506],[24.896048960489622,47.70961923624566],[24.928449284492842,47.71468496805531],[24.9428494284943,47.71637354532518],[25.01845018450186,47.72481643167458],[25.079650796507963,47.74339078164331],[25.122851228512303,47.770408017961415],[25.22005220052202,47.87847696323391],[25.26325263252633,47.89873989047251],[25.752857528575305,47.93420001314004],[25.817658176581773,47.95277436310877],[25.871658716587177,47.957840094918396],[25.90045900459006,47.966282981267824],[25.918459184591853,47.9679715585377],[25.96525965259653,47.96459440399795],[26.030060300603026,47.978103022157],[26.127261272612742,47.978103022157],[26.174061740617418,47.993300217585954],[26.181261812618146,48.00343168120523],[26.206462064620666,48.037203226602884],[26.21726217262173,48.047334690222186],[26.24246242462425,48.06253188565114],[26.256862568625706,48.07266334927044],[26.271262712627134,48.09292627650902],[26.285662856628562,48.1250092446368],[26.296462964629654,48.15709221276455],[26.296462964629654,48.17904371727303],[26.303663036630383,48.21281526267069],[26.310863108631082,48.20943810813094],[26.328863288632903,48.20774953086104],[26.346863468634695,48.21281526267069],[26.379263792637943,48.22294672628999],[26.397263972639735,48.22632388082977],[26.44406444064441,48.22801245809964],[26.462064620646203,48.229701035369516],[26.588065880658803,48.24996396260812],[26.616866168661687,48.25840684895752],[26.616866168661687,48.26684973530695],[26.624066240662415,48.283735508005776],[26.634866348663508,48.29555554889495],[26.67086670866709,48.309064167054004],[26.674466744667455,48.32088420794318],[26.67806678066782,48.33101567156248],[26.699666996669976,48.32594993975283],[26.714067140671403,48.314129898863655],[26.724867248672496,48.30230985797448],[26.735667356673588,48.292178394355176],[26.75366753667538,48.28542408527565],[26.775267752677536,48.287112662545525],[26.786067860678628,48.29386697162508],[26.789667896678964,48.30737558978413],[26.789667896678964,48.32594993975283],[26.782467824678264,48.344524289721534],[26.7788677886779,48.35803290788061],[26.7788677886779,48.36647579423001],[26.789667896678964,48.376607257849315],[26.793267932679328,48.376607257849315],[26.811268112681148,48.371541526039664],[26.818468184681848,48.371541526039664],[26.825668256682576,48.37829583511919],[26.82926829268294,48.38505014419874],[26.832868328683304,48.39180445327827],[26.843668436684368,48.39349303054814],[26.876068760687616,48.38336156692884],[26.908469084690864,48.36478721696014],[26.944469444694448,48.35127859880109],[26.98046980469806,48.35634433061074],[26.991269912699124,48.363098639690264],[26.998469984699852,48.36141006242036],[27.00567005670058,48.35803290788061],[27.016470164701644,48.35972148515049],[27.027270272702737,48.35803290788061],[27.034470344703465,48.35972148515049],[27.0308703087031,48.36478721696014],[27.027270272702737,48.371541526039664],[27.027270272702737,48.381672989658966],[27.023670236702372,48.390115876008366],[27.027270272702737,48.39687018508792],[27.0380703807038,48.40024733962767],[27.048870488704893,48.39687018508792],[27.07047070470705,48.38842729873849],[27.174871748717493,48.36141006242036],[27.20727207272074,48.36141006242036],[27.24687246872469,48.37323010330954],[27.250472504725053,48.37829583511919],[27.304473044730457,48.42388742140602],[27.34047340473404,48.4357074622952],[27.362073620736226,48.43233030775545],[27.39087390873908,48.41544453505662],[27.405274052740538,48.412067380516845],[27.419674196741965,48.417133112326496],[27.480874808748098,48.45090465772415],[27.502475024750254,48.47285616223263],[27.545675456754566,48.47285616223263],[27.556475564755658,48.474544739502505],[27.581675816758178,48.48636478039168],[27.603276032760334,48.48467620312181],[27.606876068760698,48.45765896680368],[27.628476284762854,48.45090465772415],[27.75087750877509,48.452593234994026],[27.786877868778703,48.44077319410485],[27.848078480784807,48.41037880324697],[27.866078660786627,48.398558762357794],[27.88407884078842,48.37829583511919],[27.894878948789483,48.36647579423001],[27.905679056790575,48.363098639690264],[27.92727927279273,48.33945855791191],[27.966879668796707,48.32932709429261],[28.00288002880029,48.32594993975283],[28.056880568805695,48.32088420794318],[28.074880748807487,48.314129898863655],[28.092880928809308,48.30230985797448],[28.100081000810007,48.283735508005776],[28.07848078480785,48.24489823079847],[28.092880928809308,48.238143921718944],[28.114481144811464,48.23645534444904],[28.132481324813256,48.23983249898882],[28.16128161281614,48.256718271687646],[28.17928179281793,48.25840684895752],[28.18648186481866,48.243209653528595],[28.190081900819024,48.22294672628999],[28.200882008820088,48.211126685400814],[28.215282152821544,48.20774953086104],[28.240482404824064,48.211126685400814],[28.26208262082622,48.21956957175021],[28.276482764827648,48.229701035369516],[28.29448294482947,48.23645534444904],[28.341283412834144,48.23983249898882],[28.359283592835936,48.238143921718944],[28.366483664836665,48.23138961263942],[28.37008370083703,48.211126685400814],[28.3628836288363,48.19086375816221],[28.352083520835208,48.18242087181281],[28.33768337683378,48.175666562733284],[28.323283232832324,48.16384652184411],[28.316083160831624,48.14864932641515],[28.316083160831624,48.1351407082561],[28.326883268832688,48.126697821906674],[28.348483484834844,48.13007497644645],[28.366483664836665,48.14189501733563],[28.37728377283773,48.15709221276455],[28.38808388083882,48.16891225365376],[28.41328413284134,48.17060083092363],[28.42768427684277,48.16384652184411],[28.43848438484386,48.15033790368503],[28.434884348843497,48.1351407082561],[28.42048420484207,48.12163209009702],[28.44568445684459,48.082794812889716],[28.460084600846017,48.07435192654032],[28.47808478084781,48.064220462921014],[28.4888848888489,48.06590904019089],[28.492484924849265,48.07435192654032],[28.492484924849265,48.091237699239144],[28.499684996849965,48.10812347193797],[28.499684996849965,48.11318920374762],[28.517685176851785,48.14864932641515],[28.542885428854305,48.15540363549468],[28.575285752857525,48.15540363549468],[28.66528665286654,48.13007497644645],[28.733687336873373,48.12838639917655],[28.769687696876986,48.1250092446368],[28.79848798487987,48.11150062647772],[28.80568805688057,48.10305774012832],[28.809288092880934,48.096303431048796],[28.809288092880934,48.08954912196927],[28.812888128881298,48.082794812889716],[28.827288272882726,48.05746615384149],[28.83088830888309,48.03044891752336],[28.83088830888309,48.02538318571371],[28.838088380883818,48.01862887663418],[28.85608856088561,48.00849741301488],[28.863288632886338,48.00005452666548],[28.88128881288813,47.976414444887126],[28.913689136891378,47.95277436310877],[28.935289352893534,47.94264289948947],[28.94968949689499,47.93420001314004],[28.98208982089821,47.92575712679064],[29.018090180901822,47.930822858600294],[29.061290612906134,47.9696601358076],[29.093690936909383,47.979791599426875],[29.111691116911175,47.979791599426875],[29.122491224912267,47.976414444887126],[29.136891368913695,47.9679715585377],[29.147691476914787,47.95615151764852],[29.154891548915487,47.939265744949694],[29.16569165691658,47.90549419955204],[29.172891728917307,47.89029700412311],[29.187291872918735,47.88354269504356],[29.226892268922683,47.87509980869416],[29.237692376923775,47.87003407688451],[29.23409234092341,47.85652545872546],[29.21609216092162,47.84301684056638],[29.198091980919827,47.82950822240733],[29.187291872918735,47.81768818151815],[29.176491764917643,47.80080240881932],[29.176491764917643,47.788982367930146],[29.187291872918735,47.783916636120495],[29.223292232922347,47.775473749771066],[29.23409234092341,47.76703086342167],[29.237692376923775,47.75521082253249],[29.226892268922683,47.74339078164331],[29.198091980919827,47.71806212259506],[29.1908919089191,47.685979154467304],[29.1908919089191,47.650519031799746],[29.18369183691837,47.61337033186234],[29.154891548915487,47.58297594100446],[29.129691296912966,47.55933585922608],[29.118891188911903,47.534007200177854],[29.129691296912966,47.49348134570067],[29.136891368913695,47.48334988208137],[29.14049140491406,47.47997272754159],[29.154891548915487,47.449578336683714],[29.162091620916215,47.43944687306441],[29.18369183691837,47.42931540944511],[29.1908919089191,47.436069718524664],[29.201692016920163,47.44620118214394],[29.219692196921983,47.45126691395359],[29.23409234092341,47.44620118214394],[29.252092520925203,47.42593825490536],[29.280892808928087,47.41074105947641],[29.288092880928815,47.400609595857105],[29.29169291692918,47.38878955496793],[29.302493024930243,47.378658091348655],[29.313293132931335,47.3719037822691],[29.331293312933127,47.370215204999226],[29.345693456934583,47.365149473189575],[29.36009360093601,47.3533294323004],[29.363693636936375,47.33644365960157],[29.363693636936375,47.32293504144252],[29.36729367293674,47.307737846013566],[29.370893708937103,47.30436069147382],[29.381693816938167,47.29254065058461],[29.396093960939623,47.28409776423521],[29.41049410494105,47.27903203242556],[29.424894248942508,47.27903203242556],[29.4428944289443,47.28240918696534],[29.46089460894609,47.294229227854515],[29.464494644946456,47.307737846013566],[29.471694716947184,47.32293504144252],[29.482494824948247,47.338132236871445],[29.500495004950068,47.33982081414135],[29.522095220952224,47.338132236871445],[29.540095400954016,47.3347550823317],[29.558095580955808,47.324623618712394],[29.5688956889569,47.30604926874369],[29.579695796957964,47.28409776423521],[29.579695796957964,47.26045768245686],[29.5688956889569,47.24357190975803],[29.54369543695438,47.23344044613873],[29.540095400954016,47.213177518900125],[29.550895508955108,47.16083162353377],[29.54369543695438,47.13550296448554],[29.529295292952924,47.12368292359636],[29.507695076950768,47.11861719178671],[29.482494824948247,47.11692861451684],[29.478894788947883,47.115240037246934],[29.478894788947883,47.10848572816741],[29.482494824948247,47.10510857362763],[29.51129511295113,47.066271296420354],[29.51849518495186,47.0595169873408],[29.529295292952924,47.066271296420354],[29.540095400954016,47.07809133730953],[29.550895508955108,47.08991137819871],[29.5688956889569,47.09159995546858],[29.583295832958328,47.084845646389056],[29.59409594095942,47.07471418276975],[29.601296012960148,47.0612055646107],[29.601296012960148,47.04600836918175],[29.59409594095942,47.0324997510227],[29.583295832958328,47.022368287403395],[29.572495724957264,47.01223682378409],[29.565295652956536,46.97508812384669],[29.56169561695617,46.96157950568761],[29.558095580955808,46.95820235114786],[29.558095580955808,46.946382310258684],[29.5688956889569,46.93456226936948],[29.597695976959784,46.93456226936948],[29.608496084960848,46.93118511482973],[29.622896228962304,46.919365073940554],[29.630096300963004,46.9142993421309],[29.648096480964824,46.910922187591126],[29.680496804968044,46.90923361032125],[29.6948969489695,46.9041678785116],[29.712897128971292,46.8940364148923],[29.734497344973448,46.867019178574196],[29.75249752497527,46.85857629222477],[29.78489784897849,46.85519913768502],[29.813698136981372,46.856887714954894],[29.842498424984257,46.85351056041512],[29.87129871298714,46.83831336498619],[29.87849878498787,46.83155905590664],[29.88569885698857,46.812984705937936],[29.889298892988933,46.807918974128285],[29.900099000990025,46.80623039685841],[29.907299072990725,46.81129612866806],[29.918099180991817,46.81467328320781],[29.92889928899291,46.80960755139819],[29.92889928899291,46.780901737810154],[29.932499324993245,46.772458851460755],[29.93609936099361,46.76570454238123],[29.9468994689947,46.750507346952276],[29.950499504995065,46.74375303787275],[29.95409954099543,46.72517868790405],[29.943299432994337,46.66270132891839],[29.939699396993973,46.65088128802921],[29.93609936099361,46.64243840167978],[29.932499324993245,46.63230693806048],[29.932499324993245,46.61879831990143],[29.93609936099361,46.60866685628213],[29.9468994689947,46.58840392904355],[29.950499504995065,46.57827246542425],[29.939699396993973,46.558009538185644],[29.914499144991453,46.554632383645895],[29.900099000990025,46.55294380637599],[29.90369903699039,46.53099230186754],[29.914499144991453,46.51917226097834],[29.96129961299613,46.505663642819286],[29.96129961299613,46.50397506554941],[29.968499684996857,46.49384360193011],[29.97209972099722,46.492155024660235],[29.975699756997585,46.49384360193011],[29.990099900999013,46.49890933373976],[29.993699936999377,46.49890933373976],[30.00450004500047,46.49384360193011],[30.008100081000805,46.48877787012046],[30.02250022500226,46.470203520151756],[30.015300153001533,46.46176063380233],[30.058500585005845,46.4364319747541],[30.076500765007665,46.42292335659505],[30.08730087300873,46.429677665674575],[30.101701017010186,46.43136624294445],[30.119701197011977,46.42798908840467],[30.13050130501307,46.42292335659505],[30.108901089010885,46.39252896573714],[30.08010080100803,46.37395461576844],[30.03690036900369,46.36888888395879],[29.918099180991817,46.37395461576844],[29.90369903699039,46.37057746122866],[29.88569885698857,46.36382315214914],[29.84609846098462,46.34187164764066],[29.82809828098283,46.340183070370784],[29.806498064980644,46.35538026579974],[29.806498064980644,46.389151811197394],[29.799297992979945,46.39759469754679],[29.781297812978124,46.42123477932515],[29.72729727297275,46.4550063247228],[29.712897128971292,46.47189209742163],[29.712897128971292,46.443186283833626],[29.70209702097023,46.42798908840467],[29.684096840968408,46.42292335659505],[29.655296552965524,46.42292335659505],[29.648096480964824,46.416169047515496],[29.65169651696519,46.39252896573714],[29.64449644496446,46.375643193038314],[29.633696336963368,46.36551172941901],[29.615696156961576,46.36213457487926],[29.597695976959784,46.36382315214914],[29.583295832958328,46.36888888395879],[29.5688956889569,46.38239750211784],[29.554495544955444,46.40434900662632],[29.540095400954016,46.41279189297575],[29.525695256952588,46.416169047515496],[29.496894968949704,46.42123477932515],[29.482494824948247,46.424611933864924],[29.475294752947548,46.43305482021432],[29.471694716947184,46.43980912929385],[29.475294752947548,46.44825201564328],[29.482494824948247,46.4550063247228],[29.48609486094861,46.46176063380233],[29.489694896948976,46.470203520151756],[29.48609486094861,46.47526925196141],[29.482494824948247,46.48202356104093],[29.457294572945727,46.48540071558068],[29.457294572945727,46.48371213831081],[29.43569435694357,46.47695782923128],[29.41769417694178,46.46176063380233],[29.374493744937467,46.416169047515496],[29.363693636936375,46.416169047515496],[29.345693456934583,46.434743397484226],[29.320493204932063,46.46851494288188],[29.306093060930607,46.47189209742163],[29.288092880928815,46.451629170183054],[29.28449284492845,46.43980912929385],[29.29169291692918,46.41954620205527],[29.29169291692918,46.40941473843597],[29.28449284492845,46.39759469754679],[29.277292772927723,46.39590612027692],[29.270092700927023,46.39759469754679],[29.25929259292593,46.39421754300702],[29.223292232922347,46.367200306688915],[29.201692016920163,46.35706884306961],[29.18369183691837,46.367200306688915],[29.18369183691837,46.37733177030819],[29.1908919089191,46.38746323392749],[29.198091980919827,46.39590612027692],[29.205292052920527,46.40603758389622],[29.20889208892089,46.4178576247854],[29.205292052920527,46.50228648827951],[29.201692016920163,46.52423799278799],[29.18369183691837,46.53774661094707],[29.162091620916215,46.53774661094707],[29.07569075690759,46.50397506554941],[29.05769057690577,46.49890933373976],[29.021690216902186,46.48877787012046],[28.946089460894626,46.4550063247228],[28.92448924489247,46.43305482021432],[28.920889208892106,46.40434900662632],[28.928089280892806,46.367200306688915],[28.946089460894626,46.31992014313218],[28.946089460894626,46.304722947703254],[28.938889388893898,46.28783717500443],[28.93168931689317,46.27263997957547],[28.935289352893534,46.25913136141642],[28.94968949689499,46.24393416598747],[28.94968949689499,46.242245588717594],[28.985689856898574,46.22198266147899],[29.010890108901094,46.20509688878016],[29.01449014490146,46.18314538427168],[29.003690036900366,46.15950530249333],[28.98208982089821,46.1324880661752],[28.946089460894626,46.1054708298571],[28.938889388893898,46.08858505715827],[28.942489424894262,46.064944975379916],[28.960489604896054,46.02104196636296],[28.95688956889569,46.00077903912435],[28.93168931689317,45.99233615277495],[28.758887588875893,45.961941761917046],[28.7408874088741,45.95349887556765],[28.73008730087301,45.93830168013869],[28.73008730087301,45.921415907439865],[28.7408874088741,45.88764436204221],[28.74808748087483,45.87075858934338],[28.744487444874466,45.850495662104805],[28.737287372873737,45.836987043945726],[28.726487264872645,45.828544157596326],[28.70488704887049,45.8217898485168],[28.676086760867605,45.81672411670715],[28.668886688866905,45.8116583848975],[28.668886688866905,45.80659265308785],[28.67248672486727,45.796461189468545],[28.67248672486727,45.78632972584927],[28.668886688866905,45.77788683949984],[28.643686436864385,45.766066798610666],[28.575285752857525,45.76268964407089],[28.560885608856097,45.74242671683231],[28.56448564485646,45.73567240775279],[28.568085680856825,45.72385236686361],[28.560885608856097,45.71709805778406],[28.532085320853213,45.71034374870453],[28.51408514085142,45.70190086235513],[28.50328503285033,45.6934579760057],[28.481684816848173,45.66981789422735],[28.474484744847445,45.65799785333817],[28.481684816848173,45.65124354425865],[28.499684996849965,45.64448923517912],[28.510485104851057,45.63435777155982],[28.517685176851785,45.62084915340074],[28.517685176851785,45.60734053524169],[28.524885248852485,45.59383191708264],[28.535685356853577,45.58032329892356],[28.510485104851057,45.570191835304286],[28.50328503285033,45.56681468076451],[28.499684996849965,45.55837179441508],[28.499684996849965,45.55499463987533],[28.506885068850693,45.521223094477676],[28.50328503285033,45.5094030535885],[28.481684816848173,45.502648744508974],[28.416884168841705,45.50433732177885],[28.341283412834144,45.5178459399379],[28.26928269282695,45.521223094477676],[28.218882188821908,45.49251728088967],[28.208082080820816,45.480697240000495],[28.200882008820088,45.46887719911132],[28.200882008820088,45.46212289003179],[28.21168211682118,45.45030284914259],[28.215282152821544,45.45030284914259],[28.2368823688237,45.45199142641249],[28.265682656826584,45.440171385523314],[28.28728287282874,45.42159703555458],[28.280082800828012,45.40133410831601],[28.31248312483126,45.34729963567975],[28.330483304833052,45.32365955390139],[28.352083520835208,45.31183951301222],[28.37008370083703,45.30846235847247],[28.406084060840612,45.29495374031339],[28.492484924849265,45.27806796761456],[28.575285752857525,45.24767357675668],[28.708487084870853,45.22741064951808],[28.74808748087483,45.230787804057854],[28.776887768877685,45.230787804057854],[28.79128791287914,45.2341649585976],[28.802088020880205,45.244296422216905],[28.77328773287735,45.25273930856633],[28.76608766087662,45.257805040375985],[28.762487624876258,45.26455934945551],[28.758887588875893,45.27469081307481],[28.762487624876258,45.28144512215434],[28.79128791287914,45.29157658577364],[28.787687876878778,45.306773781202565],[28.79128791287914,45.32197097663152],[28.81648816488166,45.32534813117127],[28.83088830888309,45.32197097663152],[28.859688596885974,45.30846235847247],[28.88128881288813,45.306773781202565],[28.892088920889222,45.30001947212304],[28.910089100891014,45.28819943123386],[28.93168931689317,45.279756544884435],[28.953289532895326,45.284822276694086],[28.95688956889569,45.29157658577364],[28.960489604896054,45.31183951301222],[28.967689676896782,45.320282399361645],[28.97488974889751,45.32365955390139],[28.98208982089821,45.32534813117127],[29.003690036900366,45.32534813117127],[29.018090180901822,45.33041386298092],[29.068490684906862,45.360808253838826],[29.111691116911175,45.369251140188226],[29.126091260912602,45.37431687199788],[29.14049140491406,45.38444833561718],[29.151291512915122,45.38782549015693],[29.172891728917307,45.38951406742683],[29.180091800918007,45.391202644696705],[29.18369183691837,45.39964553104613],[29.1908919089191,45.40639984012566],[29.205292052920527,45.41484272647506],[29.226892268922683,45.423285612824486],[29.244892448924503,45.42497419009436],[29.25929259292593,45.42159703555458],[29.280892808928087,45.42159703555458],[29.29169291692918,45.42497419009436],[29.298892988929907,45.42835134463414],[29.306093060930607,45.43341707644376],[29.313293132931335,45.440171385523314],[29.320493204932063,45.44354854006306],[29.331293312933127,45.44185996279319],[29.345693456934583,45.43848280825341],[29.352893528935283,45.43510565371366],[29.432094320943207,45.43003992190401],[29.5688956889569,45.39457979923648],[29.615696156961576,45.36587398564848],[29.626496264962668,45.360808253838826],[29.65169651696519,45.34561105840987],[29.666096660966616,45.31183951301222],[29.673296732967344,45.27300223580491],[29.658896588965888,45.244296422216905],[29.666096660966616,45.23754211313738],[29.666096660966616,45.230787804057854],[29.662496624966252,45.222344917708426],[29.658896588965888,45.2155906086289],[29.673296732967344,45.21390203135903],[29.691296912969136,45.217279185898775],[29.709297092970928,45.22403349497833],[29.72729727297275,45.23754211313738],[29.730897308973084,45.23754211313738],[29.72729727297275,45.239230690407254],[29.72729727297275,45.24767357675668],[29.730897308973084,45.257805040375985],[29.741697416974176,45.28144512215434],[29.741697416974176,45.28988800850374],[29.75249752497527,45.30339662666282],[29.756097560975604,45.31352809028209],[29.756097560975604,45.32197097663152],[29.75249752497527,45.364185408378574],[29.748897488974904,45.38613691288705],[29.741697416974176,45.404711262855756],[29.72729727297275,45.41484272647506],[29.748897488974904,45.41484272647506],[29.756097560975604,45.42835134463414],[29.756097560975604,45.44692569460284],[29.748897488974904,45.46381146730167],[29.730897308973084,45.475631508190844],[29.723697236972384,45.46887719911132],[29.72009720097202,45.45199142641249],[29.712897128971292,45.43679423098354],[29.709297092970928,45.45199142641249],[29.70209702097023,45.45705715822214],[29.6948969489695,45.45536858095224],[29.684096840968408,45.45705715822214],[29.687696876968772,45.453680003682365],[29.680496804968044,45.45030284914259],[29.67689676896771,45.45030284914259],[29.673296732967344,45.453680003682365],[29.673296732967344,45.47732008546072],[29.655296552965524,45.47394293092097],[29.655296552965524,45.45199142641249],[29.65169651696519,45.44354854006306],[29.640896408964096,45.44185996279319],[29.630096300963004,45.44692569460284],[29.622896228962304,45.453680003682365],[29.604896048960484,45.47900866273062],[29.604896048960484,45.48745154908002],[29.61929619296194,45.4908287036198],[29.626496264962668,45.49589443542942],[29.630096300963004,45.50433732177885],[29.637296372963732,45.51446878539815],[29.648096480964824,45.5178459399379],[29.662496624966252,45.52628882628733],[29.6948969489695,45.56174894895486],[29.705697056970564,45.573568989844034],[29.680496804968044,45.55499463987533],[29.666096660966616,45.54824033079581],[29.648096480964824,45.54486317625603],[29.630096300963004,45.546551753525904],[29.615696156961576,45.54992890806568],[29.590495904959056,45.55837179441508],[29.597695976959784,45.60396338070191],[29.597695976959784,45.65293212152852],[29.604896048960484,45.69176939873583],[29.637296372963732,45.71034374870453],[29.630096300963004,45.72216378959371],[29.626496264962668,45.72891809867323],[29.622896228962304,45.73567240775279],[29.622896228962304,45.75086960318171],[29.630096300963004,45.76268964407089],[29.648096480964824,45.78126399403962],[29.65169651696519,45.78970688038902],[29.648096480964824,45.793084034928796],[29.633696336963368,45.80659265308785],[29.630096300963004,45.81334696216737],[29.633696336963368,45.8217898485168],[29.637296372963732,45.82685558032645],[29.64449644496446,45.82685558032645],[29.648096480964824,45.818412693977024],[29.65169651696519,45.81334696216737],[29.673296732967344,45.801526921278196],[29.67689676896771,45.79983834400832],[29.680496804968044,45.79814976673845],[29.684096840968408,45.793084034928796],[29.6948969489695,45.78126399403962],[29.691296912969136,45.774509684960066],[29.684096840968408,45.76775537588054],[29.680496804968044,45.75086960318171],[29.684096840968408,45.703589439625006],[29.684096840968408,45.69683513054548],[29.705697056970564,45.68839224419605],[29.723697236972384,45.668129316957476],[29.734497344973448,45.641112080639346],[29.734497344973448,45.614094844321215],[29.74529745297454,45.62253773067064],[29.774097740977425,45.62929203975017],[29.788497884978852,45.636046348829694],[29.78489784897849,45.64280065790922],[29.78489784897849,45.649554966988774],[29.788497884978852,45.6546206987984],[29.81009810098101,45.64786638971887],[29.82809828098283,45.6546206987984],[29.842498424984257,45.663063585147825],[29.86049860498605,45.668129316957476],[29.864098640986413,45.671506471497224],[29.856898568985685,45.67994935784665],[29.842498424984257,45.690080821465955],[29.817298172981737,45.698523707815355],[29.80289802898031,45.703589439625006],[29.79569795697958,45.71709805778406],[29.80289802898031,45.73736098502266],[29.824498244982465,45.747492448641964],[29.849698496984985,45.75086960318171],[29.874898748987505,45.75086960318171],[29.87849878498787,45.75424675772149],[29.87849878498787,45.757623912261266],[29.882098820988205,45.76268964407089],[29.889298892988933,45.76437822134079],[29.89649896498966,45.76437822134079],[29.89649896498966,45.75086960318171],[29.918099180991817,45.74073813956244],[29.92889928899291,45.733983830482885],[29.932499324993245,45.72385236686361],[29.939699396993973,45.75086960318171],[29.92889928899291,45.75931248953114],[29.92169921699218,45.76944395315044],[29.918099180991817,45.782952571309494],[29.918099180991817,45.79983834400832],[29.925299252992545,45.81334696216737],[29.93609936099361,45.81672411670715],[29.939699396993973,45.809969807627624],[29.932499324993245,45.79983834400832],[29.932499324993245,45.793084034928796],[29.943299432994337,45.782952571309494],[29.95409954099543,45.77113253042032],[29.957699576995765,45.79477261219867],[29.96129961299613,45.818412693977024],[29.968499684996857,45.83867562121563],[29.990099900999013,45.84711850756503],[30.015300153001533,45.8403641984855],[30.06210062100621,45.81334696216737],[30.069300693006937,45.81672411670715],[30.0729007290073,45.8217898485168],[30.08010080100803,45.8201012712469],[30.083700837008365,45.815035539437275],[30.08730087300873,45.81334696216737],[30.094500945009457,45.815035539437275],[30.09810098100982,45.818412693977024],[30.09810098100982,45.823478425786675],[30.101701017010186,45.8302327348662],[30.101701017010186,45.836987043945726],[30.10530105301055,45.864004280263856],[30.108901089010885,45.87582432115303],[30.119701197011977,45.88426720750246],[30.126901269012706,45.891021516581986],[30.134101341013405,45.88933293931211],[30.141301413014133,45.83360988940598],[30.13770137701377,45.8201012712469],[30.20610206102063,45.855561393914456],[30.260102601026006,45.89608724839164],[30.371703717037178,45.997401884584605],[30.494104941049414,46.08014217080884],[30.504905049050507,46.09365078896792],[30.5229052290523,46.1341766434451],[30.53370533705339,46.1426195297945],[30.54810548105482,46.14768526160415],[30.562505625056247,46.1611938797632],[30.58410584105843,46.18989969335124],[30.652506525065263,46.25913136141642],[30.681306813068147,46.2996572158936],[30.688506885068847,46.309788679512906],[30.68490684906851,46.31992014313218],[30.677706777067783,46.32836302948161],[30.656106561065627,46.33849449310091],[30.652506525065263,46.345248802180436],[30.65970659706599,46.35031453399009],[30.713707137071367,46.348625956720184],[30.731707317073187,46.35875742033949],[30.771307713077135,46.39590612027692],[30.7749077490775,46.40097185208657],[30.782107821078228,46.43136624294445],[30.78570785707859,46.4364319747541],[30.789307893078927,46.44149770656375],[30.79290792907929,46.443186283833626],[30.796507965079655,46.4465634383734],[30.79290792907929,46.451629170183054],[30.78570785707859,46.45669490199268],[30.782107821078228,46.45669490199268],[30.7749077490775,46.47695782923128],[30.756907569075707,46.50228648827951],[30.753307533075343,46.51579510643859],[30.76050760507607,46.52423799278799],[30.789307893078927,46.55294380637599],[30.803708037080384,46.55969811545555],[30.81090810908111,46.55969811545555],[30.854108541085424,46.55294380637599],[30.86850868508685,46.55632096091577],[30.92610926109262,46.585026774503774],[30.940509405094048,46.58840392904355],[30.95130951309514,46.5833381972339],[30.958509585095868,46.5833381972339],[30.983709837098388,46.59684681539295],[30.990909909099088,46.6019125472026],[31.012510125101272,46.603601124472476],[31.055710557105584,46.612044010821904],[31.10971109711099,46.617109742631555],[31.16011160111603,46.62892978352073],[31.18531185311855,46.62892978352073],[31.257312573125745,46.617109742631555],[31.275312753127537,46.60697827901225],[31.282512825128265,46.61542116536165],[31.296912969129693,46.60866685628213],[31.322113221132213,46.60697827901225],[31.33651336513367,46.6019125472026],[31.350913509135097,46.60866685628213],[31.397713977139773,46.625552628980955],[31.415714157141565,46.62892978352073],[31.43011430114302,46.63737266987013],[31.46251462514627,46.674521369807564],[31.476914769147697,46.682964256156964],[31.48051480514806,46.688029987966615],[31.498514985149853,46.70829291520522],[31.50571505715058,46.7201129560944],[31.502115021150217,46.7285558424438],[31.46971469714697,46.745441615142624],[31.46251462514627,46.7488187696824],[31.45531455314554,46.75388450149205],[31.45531455314554,46.76908169692098],[31.451714517145177,46.77583600600053],[31.440914409144085,46.80116466504876],[31.45531455314554,46.79609893323911],[31.466114661146605,46.78427889234993],[31.48051480514806,46.758950233301704],[31.49491494914949,46.750507346952276],[31.509315093150946,46.745441615142624],[31.52011520115201,46.74713019241253],[31.523715237152373,46.750507346952276],[31.523715237152373,46.75388450149205],[31.541715417154165,46.77414742873063],[31.548915489154894,46.77921316054028],[31.55611556115562,46.78427889234993],[31.577715777157778,46.78934462415958],[31.584915849158506,46.794410355969234],[31.592115921159206,46.80623039685841],[31.599315993159934,46.81973901501746],[31.606516065160662,46.82649332409699],[31.617316173161726,46.812984705937936],[31.57051570515705,46.76570454238123],[31.559715597155986,46.758950233301704],[31.559715597155986,46.7488187696824],[31.54531545315453,46.72686726517392],[31.491314913149125,46.66270132891839],[31.48051480514806,46.64581555621956],[31.484114841148426,46.63230693806048],[31.491314913149125,46.62892978352073],[31.50571505715058,46.62724120625083],[31.523715237152373,46.62892978352073],[31.534515345153466,46.62724120625083],[31.548915489154894,46.61879831990143],[31.55611556115562,46.61542116536165],[31.577715777157778,46.617109742631555],[31.58851588515887,46.62892978352073],[31.59571595715957,46.64243840167978],[31.61371613716139,46.64919271075931],[31.674916749167494,46.652569865299085],[31.77211772117721,46.62724120625083],[31.81531815318155,46.62386405171108],[31.858518585185863,46.62892978352073],[31.869318693186926,46.63230693806048],[31.89091890918911,46.64412697894966],[31.89811898118981,46.64919271075931],[31.908919089190903,46.66270132891839],[31.908919089190903,46.66945563799791],[31.901719017190175,46.67620994707744],[31.89811898118981,46.69478429704614],[31.90531905319054,46.7386873060631],[31.901719017190175,46.745441615142624],[31.86571865718659,46.77921316054028],[31.86571865718659,46.80623039685841],[31.876518765187654,46.82818190136689],[31.89811898118981,46.843379096795815],[31.92331923319233,46.848444828605466],[31.944919449194487,46.86026486949464],[31.962919629196307,46.8855935285429],[31.97371973719737,46.91598791940078],[31.96651966519667,46.93625084663938],[31.94851948519485,46.927807960289954],[31.926919269192695,46.9227422284803],[31.908919089190903,46.92611938302008],[31.89811898118981,46.94300515571891],[31.90531905319054,46.959890928417735],[31.91611916119163,46.97677670111656],[31.94851948519485,46.99872820562504],[31.912519125191267,47.00379393743469],[31.869318693186926,46.99872820562504],[31.836918369183707,47.008859669244345],[31.844118441184406,47.05445125553118],[31.851318513185134,47.0612055646107],[31.86571865718659,47.07640276003963],[31.87291872918729,47.093288532738455],[31.862118621186227,47.10173141908788],[31.8549185491855,47.10341999635776],[31.851318513185134,47.10848572816741],[31.844118441184406,47.11355145997706],[31.818918189181886,47.11692861451684],[31.81531815318155,47.12199434632646],[31.81531815318155,47.18109455077237],[31.80451804518046,47.19291459166155],[31.761317613176146,47.199668900741074],[31.743317433174326,47.209800364360376],[31.725317253172534,47.21993182797968],[31.72171721717217,47.231751868868855],[31.725317253172534,47.236817600678506],[31.736117361173626,47.25539195064721],[31.743317433174326,47.258769105186985],[31.750517505175054,47.25539195064721],[31.754117541175418,47.24863764156768],[31.74691746917469,47.22837471432908],[31.757717577175782,47.2165546734399],[31.81531815318155,47.196291746201325],[31.82971829718298,47.18616028258202],[31.833318333183342,47.1794059735025],[31.833318333183342,47.16758593261329],[31.836918369183707,47.14901158264459],[31.844118441184406,47.133814387215665],[31.8549185491855,47.13043723267589],[31.869318693186926,47.12706007813611],[31.883718837188383,47.11861719178671],[31.89811898118981,47.093288532738455],[31.894518945189446,47.06795987369023],[31.86571865718659,47.02574544194317],[31.88011880118802,47.01561397832387],[31.901719017190175,47.01392540105397],[31.944919449194487,47.01899113286362],[31.970119701197007,47.01561397832387],[31.977319773197735,47.008859669244345],[31.970119701197007,46.99872820562504],[31.937719377193787,46.968333814767135],[31.934119341193423,46.954825196608084],[31.944919449194487,46.946382310258684],[31.995319953199527,46.93962800117913],[32.00612006120062,46.93118511482973],[32.00612006120062,46.91598791940078],[32.002520025200255,46.8957249921622],[31.9809198091981,46.86026486949464],[31.95571955719558,46.83155905590664],[31.937719377193787,46.80116466504876],[31.94131941319415,46.758950233301704],[31.94851948519485,46.742064460602876],[31.962919629196307,46.72686726517392],[31.970119701197007,46.71335864701487],[31.97371973719737,46.69478429704614],[31.9809198091981,46.67789852434731],[31.99171991719919,46.65763559710874],[32.00972009720098,46.639061247140035],[32.02412024120241,46.62892978352073],[32.03852038520387,46.62386405171108],[32.09972099720997,46.61542116536165],[32.11772117721179,46.60697827901225],[32.13212132121322,46.56982957907482],[32.14652146521465,46.55969811545555],[32.17172171721717,46.57996104269412],[32.178921789217895,46.581649619964],[32.20052200522005,46.58671535177365],[32.211322113221144,46.58840392904355],[32.21852218522187,46.590092506313425],[32.236522365223664,46.603601124472476],[32.24732247322473,46.60697827901225],[32.254522545225456,46.60528970174238],[32.26892268922691,46.58840392904355],[32.337323373233744,46.56138669272542],[32.40932409324094,46.568141001804946],[32.54252542525427,46.62217547444121],[32.56772567725679,46.61879831990143],[32.59292592925931,46.62892978352073],[32.62172621726219,46.64243840167978],[32.64692646926471,46.64919271075931],[32.63252632526326,46.63230693806048],[32.61812618126183,46.62386405171108],[32.60372603726037,46.61542116536165],[32.589325893258945,46.603601124472476],[32.57132571325715,46.59684681539295],[32.52452524525245,46.5934696608532],[32.506525065250656,46.5833381972339],[32.43452434524346,46.54281234275672],[32.40932409324094,46.51748368370846],[32.42732427324273,46.49890933373976],[32.39852398523985,46.478646406501156],[32.362523625236264,46.46682636561198],[32.31932319323195,46.465137788342105],[32.27612276122761,46.470203520151756],[32.22212222122221,46.495532179199984],[32.11052110521106,46.51241795189881],[32.09252092520927,46.51241795189881],[32.0349203492035,46.505663642819286],[31.94851948519485,46.51917226097834],[31.862118621186227,46.51917226097834],[31.851318513185134,46.522549415518114],[31.84771847718477,46.522549415518114],[31.79011790117903,46.54787807456634],[31.757717577175782,46.554632383645895],[31.58131581315814,46.54450092002659],[31.566915669156685,46.549566651836244],[31.541715417154165,46.56982957907482],[31.509315093150946,46.58840392904355],[31.523715237152373,46.56476384726517],[31.642516425164246,46.48202356104093],[31.656916569165702,46.478646406501156],[31.66411664116643,46.47189209742163],[31.685716857168586,46.429677665674575],[31.685716857168586,46.470203520151756],[31.68931689316895,46.478646406501156],[31.69651696516965,46.48371213831081],[31.710917109171106,46.495532179199984],[31.725317253172534,46.500597911009635],[31.74691746917469,46.500597911009635],[31.77211772117721,46.495532179199984],[31.908919089190903,46.45669490199268],[31.95571955719558,46.451629170183054],[31.99171991719919,46.45331774745293],[32.00612006120062,46.44825201564328],[32.052920529205295,46.40603758389622],[32.06012060120602,46.39421754300702],[32.05652056520566,46.39084038846727],[32.04212042120423,46.39084038846727],[32.03132031320314,46.389151811197394],[31.977319773197735,46.35538026579974],[31.96651966519667,46.35031453399009],[31.89091890918911,46.34187164764066],[31.836918369183707,46.35031453399009],[31.81531815318155,46.348625956720184],[31.800918009180094,46.34187164764066],[31.77931779317794,46.331740184021356],[31.768517685176846,46.318231565862305],[31.77211772117721,46.30303437043335],[31.786517865178666,46.29290290681408],[31.800918009180094,46.28446002046465],[31.818918189181886,46.2810828659249],[31.883718837188383,46.279394288655],[31.89091890918911,46.28446002046465],[31.887318873188747,46.29459148408395],[31.883718837188383,46.308100102243],[31.887318873188747,46.31992014313218],[31.970119701197007,46.27601713411525],[32.01692016920171,46.25744278414652],[32.04932049320493,46.26588567049595],[32.078120781207815,46.24899989779712],[32.11412114121143,46.215228352399464],[32.128521285212855,46.21016262058981],[32.14292142921431,46.20847404331994],[32.18612186121862,46.19665400243076],[32.21492214922151,46.193276847890985],[32.24012240122403,46.19496542516086],[32.26892268922691,46.20509688878016],[32.26532265322655,46.19496542516086],[32.261722617226184,46.188211116081334],[32.24372243722439,46.17639107519216],[32.24732247322473,46.171325343382506],[32.25092250922509,46.15612814795358],[32.254522545225456,46.14937383887403],[32.25812258122582,46.144308107064404],[32.261722617226184,46.1324880661752],[32.261722617226184,46.127422334365576],[32.279722797227976,46.127422334365576],[32.30132301323013,46.117290870746274],[32.50292502925029,46.07676501626909],[32.54252542525427,46.08014217080884],[32.54972549725497,46.08351932534862],[32.56772567725679,46.09702794350767],[32.57852578525785,46.10209367531732],[32.589325893258945,46.103782252587195],[32.715327153271545,46.12066802528602],[32.75132751327513,46.1324880661752],[32.765727657276585,46.135865220714976],[32.790927909279105,46.1341766434451],[32.84492844928451,46.12066802528602],[32.88092880928809,46.12066802528602],[32.891728917289186,46.117290870746274],[32.898928989289914,46.11560229347637],[32.91332913329134,46.11560229347637],[33.017730177301786,46.127422334365576],[33.032130321303214,46.14093095252463],[33.024930249302514,46.16963676611263],[33.082530825308254,46.14937383887403],[33.10413104131041,46.13755379798485],[33.11133111331114,46.135865220714976],[33.12213122131223,46.135865220714976],[33.13653136531366,46.14093095252463],[33.143731437314386,46.1426195297945],[33.176131761317635,46.152750993413804],[33.19413194131943,46.17807965246203],[33.21213212132122,46.206785466050064],[33.233732337323374,46.223671238748864],[33.226532265322675,46.15443957068368],[33.22293222932231,46.14093095252463],[33.21573215732158,46.127422334365576],[33.29493294932951,46.135865220714976],[33.31653316533166,46.130799488905325],[33.31653316533166,46.11897944801615],[33.30573305733057,46.1054708298571],[33.29133291332914,46.095339366237795],[33.29493294932951,46.09365078896792],[33.302133021330235,46.09365078896792],[33.30573305733057,46.09196221169802],[33.309333093330935,46.08689647988837],[33.33093330933309,46.10715940712697],[33.35613356133561,46.103782252587195],[33.384933849338495,46.08689647988837],[33.41373413734138,46.05819066630036],[33.42453424534247,46.05312493449071],[33.485734857348575,46.05312493449071],[33.50733507335073,46.046370625411186],[33.51453514535146,46.046370625411186],[33.49653496534967,46.068322129919665],[33.50733507335073,46.08014217080884],[33.53253532535325,46.08520790261849],[33.55773557735577,46.08689647988837],[33.55773557735577,46.095339366237795],[33.53253532535325,46.10715940712697],[33.53253532535325,46.122356602555925],[33.55053550535507,46.135865220714976],[33.57213572135723,46.14937383887403],[33.59733597335975,46.15612814795358],[33.611736117361176,46.14599668433428],[33.62973629736297,46.125733757095674],[33.644136441364424,46.1054708298571],[33.64773647736479,46.090273634428144],[33.64053640536406,46.07845359353897],[33.62973629736297,46.068322129919665],[33.62973629736297,46.05650208903049],[33.64053640536406,46.02273054363283],[33.644136441364424,46.01428765728343],[33.636936369363696,46.005844770934004],[33.62973629736297,45.9957133073147],[33.63333633336333,45.98895899823518],[33.644136441364424,45.98558184369543],[33.64773647736479,45.98051611188578],[33.636936369363696,45.9686960709966],[33.618936189361904,45.95012172102787],[33.63333633336333,45.94505598921822],[33.64053640536406,45.94674456648812],[33.644136441364424,45.95349887556765],[33.65853658536585,45.95687603010742],[33.68373683736837,45.9585646073773],[33.74133741337414,45.948433143757995],[33.75933759337593,45.94167883467847],[33.77733777337775,45.92985879378929],[33.75933759337593,45.92310448470977],[33.72693726937271,45.916350175630214],[33.70893708937089,45.90959586655069],[33.694536945369464,45.91466159836034],[33.6909369093691,45.89608724839164],[33.694536945369464,45.872447166613284],[33.6909369093691,45.86062712572411],[33.669336693366944,45.858938548454205],[33.65853658536585,45.858938548454205],[33.65493654936549,45.864004280263856],[33.65133651336515,45.87075858934338],[33.64053640536406,45.87582432115303],[33.62973629736297,45.87920147569281],[33.618936189361904,45.88257863023256],[33.611736117361176,45.880890052962684],[33.59733597335975,45.877512898422935],[33.57933579335793,45.86738143480363],[33.55413554135541,45.84711850756503],[33.52893528935289,45.84205277575538],[33.51813518135182,45.8403641984855],[33.50733507335073,45.84374135302528],[33.48933489334894,45.85218423937468],[33.48213482134821,45.853872816644554],[33.46773467734678,45.850495662104805],[33.42453424534247,45.8302327348662],[33.410134101341015,45.82685558032645],[33.38133381333813,45.8032154985481],[33.37413374133743,45.796461189468545],[33.33813338133382,45.78632972584927],[33.26613266132662,45.75424675772149],[33.23013230132301,45.75086960318171],[33.19413194131943,45.76437822134079],[33.17973179731797,45.77957541676972],[33.168931689316906,45.78464114857937],[33.16173161731618,45.77957541676972],[33.158131581315814,45.76775537588054],[33.16533165331654,45.76268964407089],[33.176131761317635,45.75931248953114],[33.17973179731797,45.755935334991364],[33.176131761317635,45.74242671683231],[33.16173161731618,45.73567240775279],[32.93852938529386,45.663063585147825],[32.866528665286666,45.62929203975017],[32.83772837728378,45.60734053524169],[32.83052830528305,45.600586226162164],[32.82692826928269,45.59552049435251],[32.82332823328235,45.58707760800311],[32.82692826928269,45.578634721653685],[32.83052830528305,45.570191835304286],[32.82692826928269,45.56174894895486],[32.81252812528126,45.55837179441508],[32.80172801728017,45.56006037168498],[32.78372783727838,45.565126103494634],[32.77292772927731,45.56681468076451],[32.75852758527586,45.565126103494634],[32.75132751327513,45.56006037168498],[32.74412744127443,45.55330606260546],[32.73332733327334,45.54486317625603],[32.71892718927191,45.538108867176504],[32.70452704527045,45.53135455809698],[32.68652686526866,45.52628882628733],[32.66132661326614,45.52628882628733],[32.64332643326435,45.521223094477676],[32.52452524525245,45.458745735492016],[32.49572495724959,45.43510565371366],[32.481324813248136,45.40808841739553],[32.4849248492485,45.39457979923648],[32.513725137251384,45.34054532660022],[32.53532535325354,45.33885674933035],[32.57132571325715,45.32534813117127],[32.59292592925931,45.320282399361645],[32.66132661326614,45.320282399361645],[32.67572675726757,45.32534813117127],[32.71172711727118,45.3523653674894],[32.72972729727297,45.360808253838826],[32.75132751327513,45.364185408378574],[32.898928989289914,45.3540539447593],[32.942129421294226,45.342233903870095],[32.97812978129781,45.32534813117127],[33.042930429304306,45.284822276694086],[33.050130501305034,45.28144512215434],[33.068130681306826,45.27637939034469],[33.07893078930789,45.271313658535036],[33.08973089730898,45.25611646310608],[33.09693096930971,45.24767357675668],[33.12213122131223,45.23754211313738],[33.158131581315814,45.2071477222795],[33.17253172531727,45.1970162586602],[33.21933219332195,45.186884795040896],[33.2409324093241,45.18013048596137],[33.24813248132483,45.16493329053242],[33.258932589325894,45.15649040418302],[33.284132841328415,45.159867558722766],[33.31653316533166,45.17506475415172],[33.35613356133561,45.18519621777102],[33.39573395733959,45.19026194958067],[33.41373413734138,45.18519621777102],[33.46773467734678,45.14804751783359],[33.536135361353615,45.11765312697571],[33.561335613356135,45.09401304519736],[33.57933579335793,45.053487190720176],[33.58293582935829,45.02815853167192],[33.586535865358655,45.01802706805262],[33.60453604536045,44.99269840900439],[33.60453604536045,44.98763267719474],[33.60813608136081,44.97074690449591],[33.618936189361904,44.931909627288604],[33.618936189361904,44.90826954551025],[33.61533615336154,44.88969519554155],[33.60813608136081,44.87112084557285],[33.59733597335975,44.85930080468367],[33.561335613356135,44.84916934106437],[33.54693546935471,44.83734930017519],[33.536135361353615,44.81877495020646],[33.52893528935289,44.798512022967884],[33.52893528935289,44.79344629115823],[33.52533525335255,44.790069136618456],[33.51453514535146,44.785003404808805],[33.52533525335255,44.77318336391963],[33.52893528935289,44.7579861684907],[33.536135361353615,44.7292803549027],[33.54693546935471,44.709017427664094],[33.54693546935471,44.69888596404479],[33.54333543335434,44.68200019134596],[33.536135361353615,44.67186872772669],[33.52533525335255,44.66173726410739],[33.51453514535146,44.64991722321821],[33.51453514535146,44.63472002778926],[33.52533525335255,44.629654295979606],[33.55773557735577,44.624588564169954],[33.57213572135723,44.621211409630206],[33.55053550535507,44.61445710055065],[33.50013500135003,44.61445710055065],[33.485734857348575,44.6110799460109],[33.47853478534785,44.60601421420125],[33.46773467734678,44.60601421420125],[33.44613446134463,44.60770279147113],[33.435334353343535,44.60601421420125],[33.41373413734138,44.5925055960422],[33.40653406534065,44.5908170187723],[33.37413374133743,44.58575128696265],[33.37053370533707,44.589128441502424],[33.37053370533707,44.57730840061325],[33.38133381333813,44.5637997824542],[33.485734857348575,44.509765309817936],[33.50013500135003,44.50132242346854],[33.51813518135182,44.491190959849234],[33.53973539735398,44.491190959849234],[33.561335613356135,44.496256691658886],[33.57933579335793,44.496256691658886],[33.59013590135902,44.48950238257933],[33.618936189361904,44.46248514626123],[33.62613626136263,44.45235368264193],[33.63333633336333,44.433779332673225],[33.644136441364424,44.4253364463238],[33.719737197371984,44.40000778727557],[33.74133741337414,44.39663063273579],[33.80613806138061,44.39494205546592],[33.8169381693817,44.39663063273579],[33.838538385383856,44.401696364545444],[33.85293852938531,44.401696364545444],[33.914139141391416,44.38312201457674],[33.93933939339394,44.38143343730684],[33.95733957339573,44.38312201457674],[34.06534065340654,44.420270714514146],[34.08694086940869,44.42195929178405],[34.10134101341015,44.4253364463238],[34.13734137341373,44.442222219022625],[34.148141481414825,44.45066510537205],[34.16254162541625,44.46586230080098],[34.16974169741698,44.48105949622993],[34.18414184141841,44.49287953711911],[34.230942309423114,44.499633846198634],[34.24174241742418,44.50807673254806],[34.26334263342633,44.531716814326415],[34.2669426694267,44.53509396886619],[34.2669426694267,44.54184827794572],[34.27054270542706,44.545225432485466],[34.274142741427426,44.54691400975537],[34.28494284942849,44.545225432485466],[34.299342993429946,44.545225432485466],[34.324543245432466,44.54353685521559],[34.331743317433194,44.545225432485466],[34.34254342543426,44.558734050644546],[34.37854378543787,44.63134287324948],[34.414544145441454,44.673557304996564],[34.425344253442546,44.68200019134596],[34.42894428944291,44.69044307769539],[34.46854468544686,44.7292803549027],[34.47214472144722,44.73096893217257],[34.475744757447586,44.7292803549027],[34.475744757447586,44.72421462309305],[34.500945009450106,44.74278897306175],[34.533345333453354,44.75292043668105],[34.61254612546125,44.76474047757023],[34.65214652146523,44.776560518459405],[34.72054720547206,44.81033206385706],[34.75654756547567,44.82046352747636],[34.8249482494825,44.812020641126935],[34.842948429484295,44.817086372936586],[34.85734857348575,44.82384068201611],[34.88974889748897,44.81877495020646],[34.90774907749079,44.82046352747636],[34.91494914949149,44.825529259286014],[34.92214922149222,44.83059499109564],[34.92934929349295,44.83566072290529],[34.943749437494375,44.84072645471494],[34.986949869498716,44.84072645471494],[35.00495004950051,44.83566072290529],[35.019350193501936,44.82384068201611],[35.026550265502664,44.80864348658719],[35.037350373503756,44.798512022967884],[35.08055080550807,44.79344629115823],[35.10935109351095,44.825529259286014],[35.13095130951311,44.869432268302944],[35.152551525515264,44.901515236430726],[35.170551705517056,44.90658096824038],[35.213752137521396,44.915023854589776],[35.23175231752319,44.92515531820908],[35.25695256952571,44.958926863606735],[35.2749527495275,44.96736974995616],[35.296552965529656,44.95554970906696],[35.303753037530385,44.96061544087661],[35.31455314553148,44.96568117268626],[35.31815318153181,44.97074690449591],[35.36855368553685,44.94372966817778],[35.36135361353615,44.97412405903569],[35.36135361353615,44.985944099924865],[35.37575375753758,44.99776414081404],[35.39015390153904,45.00114129535379],[35.42255422554226,45.00114129535379],[35.43695436954371,45.00451844989357],[35.43695436954371,45.01127275897309],[35.40815408154083,45.01971564532252],[35.4009540095401,45.02478137713217],[35.39735397353974,45.034912840751446],[35.4009540095401,45.043355727100874],[35.404554045540465,45.05179861345027],[35.40815408154083,45.061930077069576],[35.41535415354156,45.070372963419004],[35.46935469354693,45.10076735427688],[35.505355053550545,45.114275972435934],[35.54855548555486,45.119341704245585],[35.59175591755917,45.119341704245585],[35.63495634956351,45.114275972435934],[35.706957069570706,45.09401304519736],[35.771757717577174,45.06530723160935],[35.782557825578266,45.056864345259925],[35.81135811358115,45.0315356862117],[35.81855818558185,45.021404222592395],[35.82935829358294,44.999452718083916],[35.847358473584734,44.99269840900439],[35.915759157591594,45.00114129535379],[35.99495994959949,44.99776414081404],[36.00936009360095,45.00958418170322],[36.023760237602374,45.03322426348157],[36.048960489604895,45.048421458910525],[36.07776077760778,45.03828999529122],[36.07776077760778,45.04673288164062],[36.13536135361355,45.021404222592395],[36.225362253622535,45.007895604433344],[36.243362433624355,45.01127275897309],[36.24696246962469,45.01633849078274],[36.25416254162542,45.03322426348157],[36.25776257762578,45.03828999529122],[36.268562685626875,45.043355727100874],[36.27936279362794,45.04504430437075],[36.369363693636956,45.048421458910525],[36.44136441364415,45.06699580887923],[36.452164521645216,45.07712727249853],[36.45576455764558,45.09232446792748],[36.44136441364415,45.105833086086534],[36.41616416164163,45.12778459059501],[36.408964089640904,45.14973609510349],[36.408964089640904,45.17168759961194],[36.419764197641996,45.22909922678798],[36.426964269642696,45.25105073129643],[36.43776437764379,45.271313658535036],[36.452164521645216,45.284822276694086],[36.459364593645944,45.28819943123386],[36.4809648096481,45.28819943123386],[36.49176491764919,45.29157658577364],[36.49896498964989,45.30001947212304],[36.495364953649556,45.30508520393269],[36.48816488164883,45.31015093574234],[36.484564845648464,45.31690524482187],[36.48816488164883,45.33716817206047],[36.502565025650256,45.34729963567975],[36.520565205652076,45.350676790219524],[36.545765457654596,45.34729963567975],[36.57456574565745,45.33547959479057],[36.585365853658544,45.333791017520696],[36.59976599765997,45.333791017520696],[36.63216632166322,45.34054532660022],[36.63936639366395,45.350676790219524],[36.63216632166322,45.37431687199788],[36.61416614166143,45.40808841739553],[36.59976599765997,45.42159703555458],[36.58176581765818,45.426662767364235],[36.56736567365675,45.42497419009436],[36.54936549365493,45.41146557193531],[36.53136531365314,45.40808841739553],[36.51696516965171,45.41990845828471],[36.49176491764919,45.44354854006306],[36.470164701647036,45.445237117332965],[36.41256412564127,45.43679423098354],[36.39096390963911,45.440171385523314],[36.35856358563586,45.453680003682365],[36.34056340563407,45.45705715822214],[36.32976329763298,45.453680003682365],[36.32256322563225,45.448614271872714],[36.31176311763119,45.44354854006306],[36.29736297362973,45.44354854006306],[36.30816308163082,45.46043431276189],[36.300963009630095,45.47394293092097],[36.2829628296283,45.47732008546072],[36.268562685626875,45.467188621841416],[36.25416254162542,45.46212289003179],[36.13896138961391,45.46212289003179],[36.117361173611755,45.45705715822214],[36.09576095760957,45.44185996279319],[36.07056070560705,45.43003992190401],[36.066960669606715,45.42497419009436],[36.05256052560526,45.39457979923648],[36.023760237602374,45.36756256291835],[35.98775987759879,45.3624968311087],[35.948159481594814,45.372628294728],[35.872558725587254,45.404711262855756],[35.85455854558546,45.41484272647506],[35.847358473584734,45.426662767364235],[35.8509585095851,45.44354854006306],[35.86175861758619,45.458745735492016],[35.858158581585826,45.46887719911132],[35.832958329583306,45.47056577638119],[35.81855818558185,45.46381146730167],[35.80415804158042,45.448614271872714],[35.79335793357933,45.43003992190401],[35.79335793357933,45.41146557193531],[35.789757897578994,45.40808841739553],[35.771757717577174,45.39289122196658],[35.76815768157681,45.38951406742683],[35.75375753757538,45.38613691288705],[35.75015750157502,45.37938260380753],[35.746557465574654,45.37093971745813],[35.74295742957429,45.360808253838826],[35.71775717757177,45.34054532660022],[35.69615696156961,45.33041386298092],[35.51615516155164,45.29495374031339],[35.480154801548025,45.298330894853166],[35.33255332553327,45.37093971745813],[35.044550445504456,45.66981789422735],[35.001350013500144,45.72891809867323],[34.95814958149583,45.78970688038902],[34.90414904149043,45.88933293931211],[34.8969489694897,45.90115298020129],[34.88254882548827,45.912973021090465],[34.87534875348754,45.926481639249516],[34.83934839348393,46.04805920268109],[34.82854828548287,46.06325639811001],[34.8249482494825,46.07845359353897],[34.817748177481775,46.1426195297945],[34.81414814148141,46.157816725223455],[34.810548105481075,46.166259611572855],[34.810548105481075,46.17639107519216],[34.817748177481775,46.18652253881146],[34.835748357483595,46.20340831151029],[34.83934839348393,46.20847404331994],[34.88254882548827,46.22198266147899],[34.886148861488635,46.23211412509829],[34.886148861488635,46.242245588717594],[34.893348933489335,46.2523770523369],[34.90414904149043,46.255754206876645],[34.90774907749079,46.2523770523369],[34.90774907749079,46.24393416598747],[34.91494914949149,46.23886843417782],[34.92574925749258,46.23549127963807],[34.936549365493676,46.23549127963807],[35.03015030150303,46.2523770523369],[35.07335073350734,46.2709514023056],[35.10575105751059,46.29459148408395],[35.10935109351095,46.29796863862373],[35.16695166951669,46.36044599760939],[35.202952029520304,46.38577465665762],[35.21015210152103,46.39590612027692],[35.213752137521396,46.411103315705844],[35.21015210152103,46.41954620205527],[35.20655206552067,46.42798908840467],[35.202952029520304,46.43980912929385],[35.19215192151921,46.4550063247228],[35.17415174151742,46.473580674691505],[35.16695166951669,46.49384360193011],[35.188551885518876,46.51241795189881],[35.19215192151921,46.49384360193011],[35.202952029520304,46.47695782923128],[35.213752137521396,46.46344921107223],[35.23175231752319,46.4550063247228],[35.24255242552425,46.4465634383734],[35.24975249752498,46.443186283833626],[35.26055260552607,46.44149770656375],[35.278552785527864,46.44149770656375],[35.28575285752859,46.438120552023975],[35.26415264152644,46.39928327481667],[35.25695256952571,46.37395461576844],[35.26775267752677,46.35031453399009],[35.29295292952929,46.33680591583101],[35.31095310953111,46.33680591583101],[35.328953289532905,46.348625956720184],[35.3469534695347,46.36044599760939],[35.34335343353433,46.33511733856113],[35.328953289532905,46.31992014313218],[35.29295292952929,46.29290290681408],[35.26055260552607,46.25744278414652],[35.253352533525344,46.24055701144769],[35.228152281522824,46.22198266147899],[35.19935199351994,46.18314538427168],[35.1489514895149,46.16457103430298],[35.044550445504456,46.1426195297945],[35.04815048150482,46.1324880661752],[35.051750517505184,46.127422334365576],[35.01575015750157,46.11222513893662],[34.986949869498716,46.08689647988837],[34.98334983349835,46.07845359353897],[35.001350013500144,46.073387861729316],[35.037350373503756,46.08689647988837],[35.062550625506276,46.09871652077754],[35.094950949509496,46.103782252587195],[35.120151201512016,46.11897944801615],[35.163351633516356,46.127422334365576],[35.18495184951851,46.14599668433428],[35.21015210152103,46.16963676611263],[35.26415264152644,46.242245588717594],[35.278552785527864,46.255754206876645],[35.28575285752859,46.25913136141642],[35.379353793537945,46.36888888395879],[35.39375393753937,46.37902034757809],[35.429754297542985,46.39590612027692],[35.44415444154441,46.40603758389622],[35.47655476554766,46.4364319747541],[35.49095490954912,46.44825201564328],[35.50895508955091,46.45669490199268],[35.62775627756278,46.49890933373976],[35.66015660156603,46.51917226097834],[35.74295742957429,46.585026774503774],[35.771757717577174,46.6019125472026],[35.82575825758258,46.62386405171108],[35.90135901359014,46.652569865299085],[35.92655926559266,46.652569865299085],[36.06336063360635,46.66945563799791],[36.13536135361355,46.66270132891839],[36.17136171361713,46.66776706072804],[36.18936189361895,46.66945563799791],[36.21096210962111,46.66270132891839],[36.218162181621835,46.65932417437861],[36.22176221762217,46.65425844256896],[36.2289622896229,46.64243840167978],[36.23256232562326,46.64074982440991],[36.243362433624355,46.63568409260026],[36.243362433624355,46.62386405171108],[36.23976239762399,46.620486897171304],[36.24696246962469,46.610355433552],[36.24696246962469,46.61879831990143],[36.25776257762578,46.62217547444121],[36.268562685626875,46.625552628980955],[36.27216272162721,46.62217547444121],[36.27216272162721,46.60697827901225],[36.27936279362794,46.60697827901225],[36.2829628296283,46.63568409260026],[36.30456304563046,46.65932417437861],[36.369363693636956,46.70829291520522],[36.401764017640176,46.723490110634145],[36.434164341643424,46.73531015152332],[36.4809648096481,46.742064460602876],[36.52416524165241,46.758950233301704],[36.58896588965891,46.758950233301704],[36.596165961659636,46.76232738784145],[36.6069660696607,46.76908169692098],[36.61776617766179,46.77583600600053],[36.63216632166322,46.77921316054028],[36.660966609666104,46.77414742873063],[36.678966789667896,46.772458851460755],[36.69696696966972,46.77921316054028],[36.711367113671145,46.772458851460755],[36.74376743767439,46.76401596511133],[36.75816758167582,46.758950233301704],[36.79416794167943,46.7285558424438],[36.80136801368013,46.72517868790405],[36.80136801368013,46.70660433793532],[36.79056790567907,46.67114421526779],[36.77256772567728,46.64412697894966],[36.75096750967509,46.64919271075931],[36.74376743767439,46.64919271075931],[36.74376743767439,46.64243840167978],[36.76896768967691,46.63737266987013],[36.79416794167943,46.65425844256896],[36.812168121681225,46.68127567888709],[36.81936819368195,46.70829291520522],[36.83016830168302,46.73193299698357],[36.84816848168484,46.75388450149205],[36.862568625686265,46.777524583270406],[36.85536855368554,46.80116466504876],[36.887768877688785,46.804541819588536],[36.938169381693825,46.840001942256066],[36.97416974169744,46.848444828605466],[36.9849698496985,46.85182198314524],[37.01737017370175,46.87208491038385],[37.02817028170281,46.875462064923596],[37.046170461704634,46.87715064219347],[37.16137161371614,46.90923361032125],[37.20817208172082,46.932873692099605],[37.22617226172264,46.93625084663938],[37.26217262172622,46.932873692099605],[37.29457294572947,46.92105365121043],[37.316173161731626,46.90079072397185],[37.31257312573126,46.875462064923596],[37.33417334173342,46.88221637400312],[37.35217352173524,46.89910214670195],[37.37737377373776,46.93456226936948],[37.481774817748175,47.035876905562446],[37.54657546575467,47.08146849184928],[37.57897578975792,47.08991137819871],[37.708577085770855,47.07471418276975],[37.751777517775196,47.07471418276975],[37.859778597785976,47.10173141908788],[37.94977949779499,47.09159995546858],[37.960579605796056,47.09666568727823],[37.98937989379894,47.09159995546858],[38.02538025380255,47.08146849184928],[38.036180361803616,47.084845646389056],[38.061380613806136,47.09497711000836],[38.0649806498065,47.09835426454811],[38.07218072180723,47.10004284181801],[38.10458104581048,47.08146849184928],[38.129781297813,47.07471418276975],[38.129781297813,47.057828410070925],[38.10818108181081,47.02574544194317],[38.14058140581406,47.03756548283235],[38.194581945819465,47.08991137819871],[38.21618216182162,47.10341999635776],[38.20178201782019,47.13043723267589],[38.19818198181983,47.16252020080367],[38.20178201782019,47.19291459166155],[38.22338223382235,47.21486609617003],[38.24138241382414,47.22330898251943],[38.2629826298263,47.231751868868855],[38.28458284582845,47.24188333248816],[38.29898298982991,47.25539195064721],[38.30258302583027,47.275654877885785],[38.29178291782918,47.28747491877499],[38.27738277382775,47.29254065058461],[38.25938259382593,47.29254065058461],[38.219782197821985,47.289163496044864],[38.20178201782019,47.29085207331474],[38.18738187381874,47.30098353693404],[38.1909819098191,47.316180732362994],[38.20178201782019,47.3347550823317],[38.23418234182341,47.36177231864983],[38.25938259382593,47.39385528677758],[38.2629826298263,47.42087252309571],[38.25938259382593,47.49348134570067],[38.27378273782739,47.52725289109833],[38.29178291782918,47.56271301376586],[38.320583205832065,47.59141882735386],[38.35298352983531,47.606616022782816],[38.561785617856174,47.62687895002139],[38.586985869858694,47.63363325910092],[38.604986049860514,47.64545329999012],[38.64458644586446,47.67415911357813],[38.662586625866254,47.68260199992753],[38.67698676986771,47.685979154467304],[38.712987129871294,47.675847690848],[38.73458734587348,47.677536268117876],[38.74538745387454,47.69273346354683],[38.75258752587527,47.734947895293885],[38.77058770587706,47.78053948158072],[38.79578795787958,47.819376758788025],[38.831788317883195,47.84808257237603],[38.87858878588787,47.86159119053511],[39.03699036990372,47.85652545872546],[39.040590405904055,47.85652545872546],[39.09459094590946,47.832885376947075],[39.11259112591128,47.82781964513745],[39.134191341913436,47.82950822240733],[39.173791737917384,47.83626253148685],[39.32139321393214,47.846393995106155],[39.33939339393396,47.84301684056638],[39.37179371793718,47.82781964513745],[39.393393933939336,47.8227539133278],[39.41499414994152,47.8227539133278],[39.45819458194583,47.8311967996772],[39.47979479794799,47.82613106786755],[39.50859508595087,47.8227539133278],[39.56979569795698,47.8311967996772],[39.602196021960225,47.82950822240733],[39.69939699396994,47.810933872438625],[39.73539735397355,47.815999604248276],[39.76059760597607,47.832885376947075],[39.7749977499775,47.85821403599533],[39.78219782197823,47.886919849583336],[39.78219782197823,47.89367415866286],[39.778597785977865,47.90718277682194],[39.778597785977865,47.922379972250866],[39.78939789397896,47.93757716767982],[39.79299792997932,47.94602005402922],[39.79659796597966,47.96121724945817],[39.79299792997932,47.971348713077475],[39.778597785977865,47.993300217585954],[39.77139771397714,48.00343168120523],[39.76059760597607,48.01018599028478],[39.76059760597607,48.01525172209443],[39.7677976779768,48.02369460844383],[39.778597785977865,48.028760340253484],[39.83259832598327,48.03551464933301],[39.839798397984,48.03551464933301],[39.84339843398436,48.037203226602884],[39.84339843398436,48.04564611295231],[39.828998289982906,48.07604050381019],[39.83259832598327,48.099680585588544],[39.84339843398436,48.11994351282715],[39.893798937989374,48.18242087181281],[39.911799117991194,48.19761806724176],[39.962199621996234,48.221258149020116],[39.97659976599766,48.23476676717917],[39.99099990999912,48.25334111714787],[39.994599945999454,48.273604044386474],[39.980199801998026,48.2904898170853],[39.95859958599587,48.29386697162508],[39.904599045990466,48.280358353466],[39.886598865988674,48.278669776196125],[39.81459814598148,48.30737558978413],[39.88299882998831,48.346212866991436],[39.9009990099901,48.36141006242036],[39.92259922599226,48.376607257849315],[39.91539915399156,48.38505014419874],[39.90819908199083,48.398558762357794],[39.89739897398974,48.42388742140602],[39.86499864998652,48.469479007692854],[39.854198541985426,48.47623331677241],[39.84339843398436,48.48298762585193],[39.84339843398436,48.49987339855076],[39.854198541985426,48.49987339855076],[39.86499864998652,48.501561975820636],[39.86859868598685,48.510004862170064],[39.86859868598685,48.51338201670981],[39.86499864998652,48.51675917124959],[39.86499864998652,48.523513480329115],[39.861398613986154,48.53026778940864],[39.854198541985426,48.555596448456896],[39.836198361983634,48.5741707984256],[39.80739807398075,48.5843022620449],[39.68859688596888,48.594433725664175],[39.67059670596706,48.58767941658465],[39.63099630996311,48.58767941658465],[39.6417964179642,48.611319498363],[39.702997029970305,48.746405679953625],[39.71019710197103,48.75484856630305],[39.73539735397355,48.76160287538258],[39.74619746197462,48.77004576173198],[39.74979749797498,48.781865802621155],[39.76059760597607,48.79199726624046],[39.778597785977865,48.80719446166941],[39.80019800198002,48.81563734801881],[39.82539825398254,48.81563734801881],[39.93339933399335,48.786931534430806],[39.97659976599766,48.79030868897058],[40.019800198001974,48.81394877074894],[40.037800378003794,48.830834543447764],[40.05220052200522,48.84940889341647],[40.05220052200522,48.86967182065507],[40.03420034200343,48.884869016084],[40.00900009000091,48.88824617062377],[39.99099990999912,48.8764261297346],[39.9729997299973,48.85954035703577],[39.95139951399514,48.85278604795624],[39.936999369993714,48.85616320249599],[39.918999189991894,48.87304897519482],[39.90819908199083,48.87811470700447],[39.89739897398974,48.879803284274374],[39.861398613986154,48.8764261297346],[39.78219782197823,48.88824617062377],[39.75699756997571,48.8950004797033],[39.74619746197462,48.9051319433226],[39.73899738997392,48.91864056148165],[39.72459724597246,48.93721491145038],[39.70659706597067,48.94903495233956],[39.68859688596888,48.95747783868896],[39.67419674196742,48.969297879578136],[39.68139681396815,49.01995519767462],[39.69939699396994,49.02839808402405],[39.74979749797498,49.026709506754145],[39.83259832598327,49.045283856722875],[39.861398613986154,49.045283856722875],[39.89019890198904,49.0419067021831],[39.90819908199083,49.0419067021831],[39.918999189991894,49.04697243399275],[39.92259922599226,49.058792474881926],[39.92619926199262,49.085809711200056],[39.929799297992986,49.10100690662898],[39.95139951399514,49.12464698840736],[39.980199801998026,49.14153276110619],[40.037800378003794,49.16854999742429],[40.05940059400595,49.18205861558337],[40.0918009180092,49.2175187382509],[40.10980109801099,49.227650201870205],[40.13500135001351,49.236093088219604],[40.14220142201424,49.24622455183891],[40.14220142201424,49.28168467450644],[40.15660156601567,49.31545621990409],[40.16020160201603,49.334030569872795],[40.14940149401494,49.34922776530175],[40.10260102601026,49.38468788796928],[40.063000630006314,49.42521374244649],[40.04140041400416,49.455608133304366],[40.03420034200343,49.48769110143212],[40.055800558005586,49.5197740695599],[40.07380073800738,49.5299055331792],[40.10980109801099,49.54510272860816],[40.12780127801278,49.55861134676721],[40.13140131401315,49.58056285127569],[40.11700117001172,49.58900573762509],[40.11700117001172,49.59069431489499],[40.01620016200164,49.60758008759382],[39.99819998199982,49.60758008759382],[39.9729997299973,49.602514355784166],[39.91539915399156,49.56367707857686],[39.89019890198904,49.55354561495756],[39.85779857798579,49.54510272860816],[39.828998289982906,49.54172557406838],[39.80019800198002,49.54172557406838],[39.78219782197823,49.548479883147905],[39.728197281972825,49.58056285127569],[39.68859688596888,49.59407146943474],[39.652596525965265,49.59913720124439],[39.62379623796238,49.61264581940344],[39.59859598595986,49.648105942071],[39.58059580595807,49.690320373818054],[39.56979569795698,49.71396045559641],[39.55899558995591,49.72409191921571],[39.49779497794978,49.727469073755486],[39.47979479794799,49.73422338283501],[39.443794437944376,49.749420578263965],[39.40779407794079,49.744354846454314],[39.368193681936816,49.73253480556514],[39.32859328593287,49.725780496485584],[39.28899288992892,49.73253480556514],[39.260192601926036,49.744354846454314],[39.23859238592388,49.76461777369289],[39.18099180991811,49.85917810080633],[39.15579155791559,49.87437529623526],[39.116191161911615,49.86424383261598],[39.09819098190982,49.85242379172681],[39.06939069390694,49.820340823599025],[39.04779047790478,49.81020935997972],[39.033390333903355,49.806832205439974],[38.93618936189364,49.8034550509002],[38.91098910989112,49.820340823599025],[38.8857888578886,49.84566948264725],[38.85338853388535,49.86593240988586],[38.74898748987491,49.88619533712446],[38.687786877868774,49.913212573442564],[38.680586805868074,49.918278305252215],[38.67698676986771,49.926721191601644],[38.673386733867346,49.94360696430047],[38.662586625866254,49.96218131426917],[38.637386373863734,49.95711558245952],[38.630186301863034,49.953738427919745],[38.61938619386194,49.95036127338],[38.5689856898569,49.95711558245952],[38.496984969849706,49.94867269611012],[38.46098460984609,49.95711558245952],[38.43938439384394,49.967247046078825],[38.421384213842146,49.972312777888476],[38.37458374583747,49.975689932428224],[38.35658356583568,49.980755664237876],[38.345783457834585,49.99257570512705],[38.31338313383134,50.04998733230306],[38.29898298982991,50.060118795922364],[38.28098280982812,50.06180737319224],[38.25218252182523,50.05843021865249],[38.1909819098191,50.06349595046214],[38.17298172981731,50.060118795922364],[38.16578165781658,50.029724405064485],[38.17298172981731,49.98413281877765],[38.16578165781658,49.940229809760694],[38.118981189811905,49.91996688252212],[38.10818108181081,49.91996688252212],[38.09018090180902,49.92840976887152],[38.07938079380796,49.93009834614139],[38.0649806498065,49.926721191601644],[38.02178021780219,49.909835418902816],[38.00018000180003,49.89970395528351],[37.99657996579967,49.90645826436304],[37.99657996579967,49.92165545979199],[37.978579785797876,49.940229809760694],[37.978579785797876,49.94191838703057],[37.94617946179463,49.97737850969813],[37.917379173791744,50.002707168746355],[37.88137881378813,50.02297009598496],[37.841778417784184,50.03985586868379],[37.76257762577626,50.06180737319224],[37.726577265772676,50.078693145891066],[37.632976329763295,50.17325347300451],[37.59697596975971,50.19689355478286],[37.58977589775898,50.203647863862386],[37.58977589775898,50.225599368370865],[37.600576005760075,50.24923945014922],[37.600576005760075,50.2914538818963],[37.56817568175683,50.31171680913488],[37.481774817748175,50.34042262272288],[37.46377463774638,50.36575128177114],[37.449374493744955,50.399522827168795],[37.4349743497435,50.42485148621702],[37.41697416974171,50.43160579529655],[37.316173161731626,50.42316290894715],[37.28377283772838,50.41472002259775],[37.22617226172264,50.377571322660316],[37.197371973719754,50.36237412723136],[37.05337053370533,50.33535689091326],[36.98136981369814,50.342111199992786],[36.912969129691305,50.33873404545301],[36.84816848168484,50.323536850024055],[36.68256682566826,50.261059491038395],[36.66816668166683,50.252616604688995],[36.660966609666104,50.244173718339596],[36.64296642966431,50.22222221383112],[36.635766357663584,50.21377932748169],[36.61776617766179,50.20702501840216],[36.596165961659636,50.203647863862386],[36.570965709657116,50.20702501840216],[36.54936549365493,50.212090750211814],[36.534965349653504,50.220533636561214],[36.53136531365314,50.22897652291064],[36.534965349653504,50.239107986529945],[36.534965349653504,50.261059491038395],[36.53856538565387,50.26443664557817],[36.534965349653504,50.26781380011795],[36.520565205652076,50.274568109197475],[36.51336513365135,50.27625668646735],[36.4809648096481,50.281322418277],[36.452164521645216,50.29314245916618],[36.43056430564306,50.296519613705954],[36.408964089640904,50.30496250005535],[36.401764017640176,50.306651077325256],[36.38736387363875,50.306651077325256],[36.38016380163802,50.30327392278548],[36.36216362163623,50.2914538818963],[36.34056340563407,50.281322418277],[36.31536315363155,50.274568109197475],[36.293762937629396,50.274568109197475],[36.268562685626875,50.281322418277],[36.167761677616795,50.38432563173984],[36.142561425614275,50.39276851808927],[36.13176131761318,50.41134286805797],[36.10656106561066,50.421474331677274],[35.93015930159302,50.429917218026674],[35.83655836558367,50.42316290894715],[35.81855818558185,50.41978575440737],[35.80415804158042,50.41134286805797],[35.78615786157863,50.394457095359144],[35.77535775357754,50.38770278627962],[35.764557645576474,50.38432563173984],[35.746557465574654,50.38432563173984],[35.739357393573954,50.38094847720009],[35.721357213572134,50.369128436310916],[35.71055710557107,50.35561981815184],[35.69615696156961,50.345488354532534],[35.69255692556925,50.34379977726266],[35.67455674556746,50.34042262272288],[35.6529565295653,50.34042262272288],[35.631356313563145,50.345488354532534],[35.60975609756099,50.35224266361209],[35.59175591755917,50.36068554996149],[35.57015570155701,50.37588274539044],[35.56295562955631,50.39107994081937],[35.56295562955631,50.4096542907881],[35.555755557555585,50.43329437256645],[35.54135541355416,50.45018014526528],[35.52335523355234,50.46031160888458],[35.50175501755018,50.46368876342433],[35.480154801548025,50.467065917964106],[35.44775447754478,50.475508804313506],[35.42615426154262,50.50083746336176],[35.379353793537945,50.622415026793306],[35.37575375753758,50.63423506768248],[35.39015390153904,50.64605510857166],[35.46935469354693,50.66800661308014],[35.44415444154441,50.68826954031874],[35.44415444154441,50.71022104482719],[35.44775447754478,50.733861126605575],[35.43695436954371,50.76256694019358],[35.429754297542985,50.77269840381285],[35.41895418954189,50.77945271289241],[35.39375393753937,50.78789559924181],[35.379353793537945,50.79802706286111],[35.37575375753758,50.80815852648041],[35.379353793537945,50.81997856736959],[35.379353793537945,50.83348718552864],[35.36855368553685,50.845307226417816],[35.3469534695347,50.86388157638655],[35.339753397534,50.87570161727572],[35.339753397534,50.89258738997455],[35.34335343353433,50.90440743086373],[35.34335343353433,50.916227471752904],[35.328953289532905,50.929736089911955],[35.31815318153181,50.93480182172161],[35.29295292952929,50.93817897626138],[35.28575285752859,50.94493328534091],[35.28215282152823,50.95506474896021],[35.28215282152823,50.98208198527831],[35.278552785527864,50.992213448897616],[35.33255332553327,51.000656335247044],[35.3469534695347,51.00909922159644],[35.354153541535425,51.02598499429527],[35.3469534695347,51.036116457914574],[35.328953289532905,51.0428707669941],[35.30735307353075,51.04793649880375],[35.2749527495275,51.049625076073625],[35.20655206552067,51.03949361245432],[35.17415174151742,51.041182189724225],[35.145351453514536,51.05806796242305],[35.12375123751238,51.09183950782071],[35.09855098550986,51.18302268039437],[35.09135091350913,51.1982198758233],[35.076950769507704,51.2083513394426],[35.05895058950591,51.21172849398238],[35.037350373503756,51.210039916712475],[35.019350193501936,51.204974184902824],[34.99774997749978,51.201597030363075],[34.97974979749799,51.210039916712475],[34.961749617496196,51.215105648522126],[34.94734947349474,51.215105648522126],[34.90054900549006,51.196531298553424],[34.817748177481775,51.174579794044945],[34.74934749347494,51.16444833042564],[34.67374673746738,51.16782548496542],[34.65574655746559,51.171202639505196],[34.641346413464134,51.18133410312447],[34.634146341463435,51.19484272128355],[34.62694626946271,51.21172849398238],[34.62334623346234,51.22523711214143],[34.608946089460915,51.23367999849086],[34.57654576545767,51.237057153030605],[34.51174511745117,51.23030284395108],[34.47934479344795,51.237057153030605],[34.407344073440754,51.25394292572943],[34.37134371343714,51.25732008026921],[34.33534335343353,51.250565771189684],[34.299342993429946,51.231991421220954],[34.281342813428154,51.2269256894113],[34.256142561425634,51.23030284395108],[34.18774187741877,51.24887719391978],[34.24534245342454,51.27420585296804],[34.28494284942849,51.30122308928614],[34.31014310143101,51.334994634683795],[34.299342993429946,51.36876618008145],[34.281342813428154,51.362011871001926],[34.26334263342633,51.362011871001926],[34.248942489424905,51.3637004482718],[34.230942309423114,51.36707760281158],[34.21654216542166,51.3738319118911],[34.1949419494195,51.38565195278028],[34.18414184141841,51.39409483912971],[34.18054180541807,51.40253772547911],[34.18774187741877,51.40760345728876],[34.20934209342093,51.410980611828535],[34.21654216542166,51.41773492090806],[34.22014220142202,51.42786638452736],[34.21654216542166,51.43630927087676],[34.21294212942129,51.44475215722619],[34.21294212942129,51.454883620845465],[34.21654216542166,51.46501508446477],[34.223742237422385,51.481900857163595],[34.22734227342275,51.49372089805277],[34.223742237422385,51.513983825291376],[34.21654216542166,51.53255817526008],[34.20214202142023,51.54606679341913],[34.15894158941589,51.576461184277036],[34.15174151741519,51.58321549335656],[34.148141481414825,51.593346956975864],[34.14454144541446,51.61360988421444],[34.1409414094141,51.620364193293995],[34.12654126541267,51.62711850237352],[34.09054090540906,51.633872811453045],[34.07974079740799,51.642315697802445],[34.09054090540906,51.66595577958083],[34.12654126541267,51.68115297500975],[34.299342993429946,51.70648163405801],[34.356943569435714,51.704793056788105],[34.374943749437506,51.70817021132788],[34.414544145441454,51.73687602491589],[34.41094410944109,51.77740187939307],[34.38574385743857,51.81792773387025],[34.37134371343714,51.82637062021968],[34.34614346143462,51.8415678156486],[34.32814328143283,51.85001070199803],[34.29574295742958,51.873650783776384],[34.27774277742779,51.88040509285591],[34.26334263342633,51.88040509285591],[34.24534245342454,51.87533936104626],[34.23454234542345,51.878716515586035],[34.23454234542345,51.88040509285591],[34.230942309423114,51.89391371101499],[34.22734227342275,51.89897944282464],[34.223742237422385,51.90235659736439],[34.20934209342093,51.909110906443914],[34.20214202142023,51.91248806098369],[34.16614166141662,51.94288245184157],[34.14454144541446,51.951325338191],[34.097740977409785,51.951325338191],[34.097740977409785,51.9597682245404],[34.10494104941051,51.97496541996935],[34.10134101341015,51.99185119266818],[34.07974079740799,52.01380269717666],[34.0689406894069,52.030688469875486],[34.06174061740617,52.05095139711406],[34.06174061740617,52.08303436524184],[34.05814058140581,52.09992013794067],[34.05814058140581,52.10498586975032],[34.072540725407265,52.128625951528676],[34.072540725407265,52.14888887876725],[34.06534065340654,52.159020342386555],[34.05454054540547,52.17084038327573],[34.04014040140402,52.186037578704685],[34.022140221402225,52.19785761959386],[33.95733957339573,52.22487485591199],[33.9429394293943,52.235006319531294],[33.91773917739178,52.270466442198824],[33.89973899738999,52.28566363762778],[33.86013860138601,52.302549410326606],[33.838538385383856,52.31436945121578],[33.82413824138243,52.33125522391461],[33.8169381693817,52.34476384207366],[33.80253802538027,52.35489530569296],[33.77733777337775,52.359961037502615],[33.73413734137341,52.36164961477249],[33.687336873368736,52.35658388296284],[33.60093600936011,52.33125522391461],[33.53253532535325,52.289040792167526],[33.510935109351095,52.28735221489765],[33.4929349293493,52.302549410326606],[33.50013500135003,52.341386687533884],[33.48213482134821,52.35827246023271],[33.46413464134642,52.35320672842306],[33.45333453334533,52.34476384207366],[33.4389343893439,52.33969811026401],[33.42093420934211,52.338009532994135],[33.402934029340315,52.34307526480379],[33.39933399333995,52.34476384207366],[33.377733777337795,52.35489530569296],[33.359733597335975,52.35827246023271],[33.29493294932951,52.35658388296284],[33.19773197731979,52.368403923852014],[33.183331833318334,52.36671534658214],[33.16533165331654,52.359961037502615],[33.14013140131402,52.33969811026401],[33.12933129331293,52.332943801184484],[33.107731077310774,52.32787806937483],[33.100531005310074,52.324500914835056],[33.08613086130862,52.310992296676005],[33.07893078930789,52.305926564866354],[33.07173071730719,52.30423798759648],[33.057330573305734,52.30930371940613],[33.04653046530467,52.30930371940613],[33.02853028530285,52.30423798759648],[32.92772927729277,52.24682636042047],[32.90972909729098,52.24176062861082],[32.891728917289186,52.24176062861082],[32.85932859328594,52.25695782403977],[32.84492844928451,52.262023555849396],[32.816128161281625,52.262023555849396],[32.75492754927549,52.25189209223012],[32.72612726127261,52.25189209223012],[32.52812528125281,52.31605802848566],[32.481324813248136,52.30761514213623],[32.39492394923951,52.32618949210496],[32.355323553235536,52.32112376029531],[32.34092340923411,52.28735221489765],[32.34452344523447,52.27722075127835],[32.362523625236264,52.25526924676987],[32.36612366123663,52.24682636042047],[32.362523625236264,52.23669489680117],[32.35172351723517,52.22994058772164],[32.337323373233744,52.22487485591199],[32.32652326523265,52.21980912410234],[32.31932319323195,52.20123477413364],[32.30852308523086,52.14044599241785],[32.27612276122761,52.10329729248042],[32.2329223292233,52.08134578797197],[32.09612096120961,52.04081993349476],[32.078120781207815,52.039131356224885],[32.01692016920171,52.04926281984419],[31.9809198091981,52.04757424257431],[31.926919269192695,52.030688469875486],[31.908919089190903,52.02899989260558],[31.89091890918911,52.03575420168514],[31.887318873188747,52.05095139711406],[31.887318873188747,52.06952574708279],[31.883718837188383,52.08641151978162],[31.858518585185863,52.09992013794067],[31.826118261182614,52.10329729248042],[31.76491764917651,52.09992013794067],[31.649716497164974,52.096542983400894],[31.473314733147333,52.11849448790937],[31.383313833138345,52.1168059106395],[31.30411304113042,52.0982315606708],[31.282512825128265,52.08134578797197],[31.26811268112681,52.061082860733364],[31.25371253712538,52.04419708803454],[31.22851228512286,52.03744277895501],[31.20331203312034,52.04419708803454],[31.16011160111603,52.06783716981289],[31.13491134911351,52.07628005616232],[31.095310953109532,52.07965721070207],[30.958509585095868,52.074591478892415],[30.933309333093348,52.06952574708279],[30.91890918909189,52.05939428346349],[30.92610926109262,52.04250851076466],[30.91890918909189,52.03744277895501],[30.915309153091528,52.03237704714536],[30.915309153091528,52.02731131533571],[30.911709117091192,52.02224558352606],[30.940509405094048,52.02055700625618],[30.95130951309514,52.00704838809713],[30.940509405094048,51.99353976993805],[30.915309153091528,51.99185119266818],[30.908109081090828,51.998605501747704],[30.904509045090464,52.00029407901758],[30.897308973089736,51.998605501747704],[30.890108901089008,51.99353976993805],[30.879308793087944,51.9884740381284],[30.879308793087944,51.97327684269948],[30.86850868508685,51.96483395635005],[30.857708577085788,51.95807964727052],[30.846908469084696,51.951325338191],[30.832508325083268,51.946259606381346],[30.803708037080384,51.93950529730182],[30.803708037080384,51.92937383368252],[30.81090810908111,51.92599667914274],[30.81090810908111,51.91755379279334],[30.796507965079655,51.90742232917404],[30.789307893078927,51.900668020094514],[30.778507785077863,51.89729086555474],[30.74970749707498,51.89897944282464],[30.74250742507425,51.89729086555474],[30.738907389073887,51.892225133745086],[30.738907389073887,51.88209367012581],[30.73530735307355,51.873650783776384],[30.713707137071367,51.86689647469686],[30.706507065070667,51.86014216561733],[30.702907029070303,51.85338785653781],[30.695706957069575,51.85001070199803],[30.695706957069575,51.846633547458254],[30.67410674106742,51.829747774759426],[30.66690666906669,51.8229934656799],[30.663306633066327,51.81961631114015],[30.663306633066327,51.816239156600375],[30.670506705067055,51.80610769298107],[30.670506705067055,51.79091049755215],[30.652506525065263,51.77909045666294],[30.630906309063107,51.77064757031354],[30.61650616506165,51.76051610669424],[30.638106381063807,51.75545037488459],[30.645306453064535,51.753761797614715],[30.645306453064535,51.74700748853519],[30.63450634506347,51.740253179455664],[30.630906309063107,51.72843313856649],[30.630906309063107,51.71492452040741],[30.62370623706238,51.70648163405801],[30.612906129061287,51.70310447951823],[30.58410584105843,51.70310447951823],[30.569705697056975,51.69972732497848],[30.576905769057703,51.6862187068194],[30.56610566105661,51.66595577958083],[30.569705697056975,51.65075858415187],[30.562505625056247,51.647381429612096],[30.555305553055547,51.6389385432627],[30.551705517055183,51.63724996599282],[30.551705517055183,51.633872811453045],[30.555305553055547,51.62374134783374],[30.544505445054455,51.620364193293995],[30.51570515705157,51.60347842059517],[30.51570515705157,51.59672411151561],[30.53370533705339,51.58659264789634],[30.544505445054455,51.58321549335656],[30.544505445054455,51.576461184277036],[30.53370533705339,51.57477260700716],[30.530105301053027,51.57308402973726],[30.526505265052663,51.571395452467385],[30.5229052290523,51.56970687519751],[30.5229052290523,51.56295256611796],[30.53370533705339,51.55282110249868],[30.56610566105661,51.54775537068903],[30.58410584105843,51.54268963887938],[30.576905769057703,51.530869597990204],[30.569705697056975,51.52580386618055],[30.562505625056247,51.522426711640776],[30.57330573305734,51.51567240256125],[30.58410584105843,51.508918093481725],[30.59130591305913,51.5021637844022],[30.58410584105843,51.49372089805277],[30.587705877058767,51.481900857163595],[30.59850598505986,51.473457970814195],[30.60930609306095,51.47008081627442],[30.61650616506165,51.46670366173467],[30.61650616506165,51.459949352655116],[30.605706057060587,51.46163792992502],[30.594905949059495,51.45826077538524],[30.587705877058767,51.451506466305716],[30.58410584105843,51.43968642541654],[30.587705877058767,51.42786638452736],[30.594905949059495,51.424489229987586],[30.605706057060587,51.424489229987586],[30.61650616506165,51.419423498177935],[30.62370623706238,51.41266918909841],[30.630906309063107,51.383963375510405],[30.638106381063807,51.37889764370075],[30.645306453064535,51.37214333462123],[30.645306453064535,51.36707760281158],[30.630906309063107,51.3637004482718],[30.638106381063807,51.3366832119537],[30.60930609306095,51.31810886198497],[30.580505805058067,51.30291166655604],[30.576905769057703,51.28940304839696],[30.55890558905591,51.26914012115839],[30.555305553055547,51.267451543888484],[30.555305553055547,51.242122884840256],[30.551705517055183,51.237057153030605],[30.54090540905409,51.23536857576073],[30.53370533705339,51.24381146211013],[30.519305193051935,51.25225434845956],[30.50850508505087,51.25732008026921],[30.494104941049414,51.26069723480896],[30.479704797047987,51.259008657539084],[30.46530465304653,51.26238581207886],[30.443704437044374,51.28264873931744],[30.429304293042946,51.291091625666866],[30.41490414904149,51.294468780206614],[30.38250382503827,51.294468780206614],[30.368103681036814,51.29784593474639],[30.353703537035386,51.30460024382592],[30.324903249032502,51.329928902874144],[30.317703177031774,51.34006036649345],[30.321303213032138,51.34174894376335],[30.328503285032866,51.362011871001926],[30.328503285032866,51.389029107320056],[30.324903249032502,51.39578341639958],[30.321303213032138,51.40253772547911],[30.30690306903071,51.40929203455863],[30.25650256502567,51.424489229987586],[30.242102421024214,51.43462069360689],[30.20610206102063,51.46670366173467],[30.177301773017746,51.48021227989372],[30.14850148501486,51.48358943443347],[30.008100081000805,51.481900857163595],[29.98649986499865,51.478523702623846],[29.925299252992545,51.45826077538524],[29.91089910899109,51.45826077538524],[29.89649896498966,51.46501508446477],[29.88569885698857,51.46501508446477],[29.874898748987505,51.459949352655116],[29.856898568985685,51.43968642541654],[29.84609846098462,51.432932116337014],[29.82809828098283,51.42955496179724],[29.738097380973812,51.43968642541654],[29.723697236972384,51.44981788903584],[29.716497164971656,51.46501508446477],[29.698496984969864,51.48358943443347],[29.684096840968408,51.4920323207829],[29.662496624966252,51.49372089805277],[29.637296372963732,51.49034374351302],[29.61929619296194,51.48527801170337],[29.597695976959784,51.473457970814195],[29.583295832958328,51.46163792992502],[29.5688956889569,51.44981788903584],[29.54369543695438,51.44306357995629],[29.51849518495186,51.441375002686414],[29.504095040950403,51.43799784814664],[29.496894968949704,51.42617780725746],[29.482494824948247,51.40084914820923],[29.464494644946456,51.38565195278028],[29.446494464944664,51.38565195278028],[29.403294032940323,51.39578341639958],[29.378093780937803,51.39071768458993],[29.352893528935283,51.37720906643088],[29.34209342093422,51.370454757351354],[29.320493204932063,51.3653890255417],[29.295292952929543,51.3738319118911],[29.28449284492845,51.392406261859804],[29.277292772927723,51.41435776636828],[29.26649266492666,51.432932116337014],[29.244892448924503,51.44812931176594],[29.226892268922683,51.454883620845465],[29.219692196921983,51.46670366173467],[29.230492304923047,51.49372089805277],[29.226892268922683,51.51904955710103],[29.21609216092162,51.535935329799855],[29.180091800918007,51.566329720657734],[29.162091620916215,51.60347842059517],[29.147691476914787,51.61529846148434],[29.122491224912267,51.62542992510362],[29.08289082890829,51.63049565691327],[29.0648906489065,51.63049565691327],[29.043290432904342,51.62542992510362],[29.02529025290255,51.61360988421444],[29.00009000090003,51.58321549335656],[28.98208982089821,51.56970687519751],[28.953289532895326,51.56295256611796],[28.892088920889222,51.56295256611796],[28.863288632886338,51.55957541157821],[28.83088830888309,51.54775537068903],[28.79848798487987,51.53255817526008],[28.77328773287735,51.5106066707516],[28.751687516875165,51.48358943443347],[28.74808748087483,51.46670366173467],[28.751687516875165,51.42955496179724],[28.74808748087483,51.41435776636828],[28.73008730087301,51.40084914820923],[28.719287192871946,51.410980611828535],[28.712087120871217,51.42955496179724],[28.70488704887049,51.44306357995629],[28.69048690486906,51.44306357995629],[28.67968679686797,51.43799784814664],[28.66528665286654,51.43462069360689],[28.64728647286475,51.43968642541654],[28.636486364863657,51.44981788903584],[28.62928629286293,51.46332650719489],[28.6148861488615,51.51904955710103],[28.611286112861137,51.539312484339604],[28.60408604086041,51.55282110249868],[28.57888578885789,51.55957541157821],[28.4888848888489,51.571395452467385],[28.460084600846017,51.571395452467385],[28.434884348843497,51.566329720657734],[28.384483844838456,51.544378216149255],[28.359283592835936,51.52918102072033],[28.348483484834844,51.52580386618055],[28.334083340833416,51.52918102072033],[28.326883268832688,51.535935329799855],[28.316083160831624,51.56464114338786],[28.31248312483126,51.57477260700716],[28.298082980829804,51.58321549335656],[28.26928269282695,51.59503553424574],[28.258482584825856,51.601789843325264],[28.247682476824764,51.61360988421444],[28.247682476824764,51.63049565691327],[28.244082440824428,51.64062712053257],[28.229682296822972,51.65075858415187],[28.21168211682118,51.65244716142175],[28.18648186481866,51.64569285234222],[28.164881648816504,51.633872811453045],[28.146881468814684,51.61360988421444],[28.114481144811464,51.57477260700716],[28.089280892808944,51.56126398884808],[28.071280712807123,51.557886834308334],[27.974079740797407,51.557886834308334],[27.956079560795615,51.56126398884808],[27.93447934479346,51.566329720657734],[27.87687876878769,51.60854415240479],[27.855278552785535,51.61529846148434],[27.830078300783015,51.61360988421444],[27.812078120781223,51.601789843325264],[27.80127801278013,51.584904070626436],[27.794077940779403,51.56464114338786],[27.794077940779403,51.55282110249868],[27.797677976779767,51.54100106160951],[27.797677976779767,51.530869597990204],[27.794077940779403,51.517360979831125],[27.786877868778703,51.5106066707516],[27.740077400774027,51.47176939354429],[27.729277292772935,51.46501508446477],[27.714877148771507,51.46332650719489],[27.70047700477005,51.46670366173467],[27.68247682476826,51.47514654808407],[27.671676716767166,51.48527801170337],[27.664476644766467,51.49034374351302],[27.664476644766467,51.4920323207829],[27.696876968769686,51.54268963887938],[27.704077040770414,51.56801829792761],[27.693276932769322,51.58996980243609],[27.67527675276753,51.59503553424574],[27.621276212762126,51.59672411151561],[27.513275132751346,51.62374134783374],[27.477274772747734,51.62374134783374],[27.459274592745942,51.61698703875422],[27.430474304743058,51.598412688785515],[27.4088740887409,51.59165837970599],[27.387273872738746,51.58996980243609],[27.329673296732977,51.59672411151561],[27.290072900729,51.58828122516621],[27.268472684726845,51.58828122516621],[27.254072540725417,51.59503553424574],[27.261272612726145,51.611921306944566],[27.275672756727573,51.633872811453045],[27.279272792727937,51.65075858415187],[27.24687246872469,51.655824315961524],[27.225272252722533,51.65413573869162],[27.203672036720377,51.655824315961524],[27.18927189271892,51.664267202310924],[27.18207182071822,51.682841552279655],[27.18207182071822,51.70985878859776],[27.185671856718585,51.731810293106236],[27.178471784717857,51.74700748853519],[27.149671496714973,51.75713895215449],[27.110071100711025,51.762204683964114],[27.02007020070201,51.76389326123402],[26.919269192691928,51.74194175672554],[26.85446854468546,51.74869606580506],[26.667266672666727,51.80104196117142],[26.44406444064441,51.80610769298107],[26.433264332643347,51.80948484752085],[26.41886418864189,51.821304888410026],[26.415264152641527,51.83143635202933],[26.41886418864189,51.83987923837873],[26.41886418864189,51.846633547458254],[26.408064080640827,51.85001070199803],[26.174061740617418,51.856765011077556],[26.145261452614534,51.865207897426984],[26.080460804608066,51.900668020094514],[26.051660516605182,51.90404517463426],[25.979659796597986,51.90404517463426],[25.767257672576733,51.927685256412644],[25.684456844568444,51.91755379279334],[25.54765547655478,51.919242370063216],[25.35325353253532,51.92093094733309],[25.184051840518407,51.949636760921095],[25.13725137251373,51.949636760921095],[25.09405094050942,51.93950529730182],[25.004050040500402,51.91079948371382],[24.723247232472346,51.88209367012581],[24.70164701647016,51.88209367012581],[24.640446404464058,51.892225133745086],[24.39204392043922,51.88040509285591],[24.370443704437065,51.87533936104626],[24.34884348843488,51.86183074288721],[24.312843128431297,51.82805919748955],[24.294842948429505,51.807796270250975],[24.27324273242732,51.74363033399541],[24.244442444424465,51.718301674947185],[24.129241292412928,51.669332934120575],[23.98163981639817,51.58659264789634],[23.942039420394224,51.58152691608669],[23.91323913239134,51.598412688785515],[23.884438844388455,51.620364193293995],[23.84483844838448,51.63049565691327],[23.81963819638196,51.63049565691327],[23.751237512375127,51.64400427507235],[23.726037260372607,51.64569285234222],[23.62883628836289,51.628807079643394],[23.6180361803618,51.62542992510362],[23.607236072360735,51.61867561602409],[23.59283592835928,51.60516699786504],[23.59283592835928,51.59672411151561],[23.600036000360006,51.58828122516621],[23.625236252362527,51.54100106160951],[23.62883628836289,51.530869597990204],[23.625236252362527,51.51567240256125],[23.614436144361463,51.5122952480215],[23.607236072360735,51.517360979831125],[23.607236072360735,51.5106066707516],[23.614436144361463,51.49709805259255],[23.62883628836289,51.49034374351302],[23.646836468364683,51.486966588973246],[23.66123661236614,51.48021227989372],[23.646836468364683,51.459949352655116],[23.650436504365047,51.45319504357559],[23.690036900369023,51.416046343638186],[23.697236972369723,51.40422630274901],[23.68643686436866,51.40084914820923],[23.67923679236793,51.39409483912971],[23.67923679236793,51.383963375510405],[23.682836828368295,51.370454757351354],[23.664836648366503,51.3653890255417],[23.646836468364683,51.353568984652526],[23.632436324363255,51.34006036649345],[23.62883628836289,51.326551748334396],[23.63603636036362,51.30460024382592],[23.650436504365047,51.299534512016265],[23.66843668436684,51.299534512016265],[23.68643686436866,51.29278020293674],[23.7440374403744,51.21679422579203],[23.765637656376583,51.1982198758233],[23.816038160381623,51.17795694858472],[23.8628386283863,51.147562557726815],[23.873638736387363,51.13574251683764],[23.859238592385935,51.13067678502799],[23.85563855638557,51.12223389867859],[23.870038700387,51.10197097143998],[23.89523895238952,51.076642312391755],[23.902439024390247,51.063133694232704],[23.916839168391704,51.02091926248562],[23.916839168391704,51.014164953406095],[23.91323913239134,51.00741064432657],[23.92043920439204,51.00234491251692],[23.93123931239313,50.99896775797714],[23.94563945639456,50.99390202616749],[23.95643956439565,50.983770562548216],[23.95643956439565,50.97532767619879],[23.960039600396016,50.96688478984939],[23.96363963639638,50.95337617169031],[23.978039780397808,50.93817897626138],[24.04644046440464,50.897653121784174],[24.129241292412928,50.86894730819617],[24.143641436414384,50.85712726730699],[24.129241292412928,50.83855291733829],[24.100441004410044,50.835175762798514],[24.068040680406824,50.835175762798514],[24.04644046440464,50.82842145371899],[24.02124021240212,50.83855291733829],[23.992439924399264,50.836864340068416],[23.97083970839708,50.82504429917924],[23.95643956439565,50.80815852648041],[23.960039600396016,50.78958417651168],[23.974439744397444,50.77607555835263],[23.999639996399964,50.769321249273105],[24.024840248402484,50.76763267200323],[24.024840248402484,50.76087836292368],[24.01404014040142,50.74399259022485],[24.028440284402848,50.728795394795924],[24.053640536405368,50.71697535390675],[24.082440824408252,50.71359819936697],[24.075240752407524,50.68995811758862],[24.082440824408252,50.66969519035001],[24.107641076410772,50.630857913142734],[24.107641076410772,50.62916933587283],[24.086040860408616,50.6038406768246],[24.09684096840968,50.55656051326787],[24.104041040410408,50.54305189510882],[24.107641076410772,50.54136331783894],[24.107641076410772,50.537986163299166],[24.093240932409344,50.527854699679864],[24.075240752407524,50.51434608152081],[24.010440104401056,50.492394577012334],[24.00684006840069,50.48057453612316],[24.010440104401056,50.462000186154455],[24.00684006840069,50.448491567995376],[24.003240032400328,50.4383601043761],[23.98163981639817,50.404588558978446],[23.927639276392767,50.39107994081937],[23.747637476374763,50.38939136354949],[23.71163711637118,50.38263705446997],[23.697236972369723,50.377571322660316],[23.682836828368295,50.36743985904101],[23.672036720367203,50.35393124088196],[23.657636576365775,50.32691400456383],[23.657636576365775,50.32522542729396],[23.64323643236432,50.31340538640478],[23.564035640356423,50.25768233649865],[23.53523535235354,50.24248514106969],[23.481234812348134,50.21546790475156],[23.438034380343822,50.19351640024311],[23.207632076320778,50.034790136874136],[23.178831788317893,50.00439574601623],[23.14283142831428,49.98582139604753],[23.103231032310333,49.95711558245952],[22.99162991629916,49.85411236899668],[22.952029520295213,49.82709513267855],[22.944829448294485,49.81865224632915],[22.937629376293756,49.798389319090546],[22.93402934029342,49.79163501001102],[22.92322923229233,49.784880700931495],[22.905229052290537,49.78150354639172],[22.89802898028981,49.77812639185197],[22.887228872288716,49.76968350550254],[22.826028260282612,49.69707468289758],[22.80802808028082,49.686943219278305],[22.797227972279728,49.68356606473853],[22.775627756277572,49.68018891019875],[22.76482764827648,49.673434601119226],[22.75762757627578,49.664991714769826],[22.743227432274324,49.632908746642045],[22.667626676266764,49.56705423311661],[22.642426424264244,49.52821695590933],[22.660426604266064,49.49275683324177],[22.667626676266764,49.477559637812845],[22.674826748267492,49.43534520606576],[22.678426784267856,49.42521374244649],[22.678426784267856,49.418459433366934],[22.692826928269284,49.40495081520788],[22.71442714427144,49.39144219704883],[22.718027180271804,49.382999310699404],[22.725227252272532,49.36780211527045],[22.736027360273596,49.27493036542691],[22.73242732427326,49.26142174726786],[22.718027180271804,49.23102735640995],[22.703627036270376,49.19556723374242],[22.685626856268584,49.173615729233944],[22.68202682026822,49.16179568834477],[22.68922689226892,49.156729956535116],[22.692826928269284,49.15841853380502],[22.70722707227074,49.16854999742429],[22.721627216272168,49.16179568834477],[22.718027180271804,49.16010711107489],[22.750427504275052,49.14490991564594],[22.779227792277936,49.11958125659771],[22.797227972279728,49.111138370248284],[22.84042840428404,49.094252597549456],[22.854828548285496,49.08412113393018],[22.854828548285496,49.075678247580754],[22.844028440284404,49.05710389761205],[22.844028440284404,49.04359527945297],[22.84762847628477,49.0334638158337],[22.862028620286196,49.01488946586497],[22.86562865628656,49.013200888595094],[22.86562865628656,49.00982373405532],[22.854828548285496,48.99462653862639],[22.83322833228334,48.99969227043604],[22.811628116281156,49.013200888595094],[22.793627936279364,49.018266620404745],[22.7828278282783,49.02164377494452],[22.76482764827648,49.03852954764335],[22.754027540275416,49.045283856722875],[22.743227432274324,49.045283856722875],[22.721627216272168,49.040218124913224],[22.685626856268584,49.04359527945297],[22.6640266402664,49.0419067021831],[22.642426424264244,49.04359527945297],[22.617226172261724,49.053726743072275],[22.58122581225814,49.080743979390405],[22.559625596255984,49.085809711200056],[22.5380253802538,49.07230109304098],[22.5308253082531,49.05541532034215],[22.52362523625237,49.0334638158337],[22.520025200252007,49.00982373405532],[22.520025200252007,48.99293796135649],[22.50562505625058,48.98449507500709],[22.466024660246603,48.98111792046731],[22.44802448024481,48.97098645684804],[22.426424264242655,48.928772025100955],[22.415624156241563,48.91188625240213],[22.4120241202412,48.906820520592476],[22.4120241202412,48.88824617062377],[22.401224012240135,48.87811470700447],[22.37962379623798,48.86460608884542],[22.37242372423725,48.857851779765895],[22.368823688236887,48.85616320249599],[22.36162361623616,48.844343161606815],[22.36162361623616,48.835900275257416],[22.365223652236523,48.82745738890799],[22.365223652236523,48.79368584351033],[22.36162361623616,48.786931534430806],[22.358023580235823,48.776800070811504],[22.34722347223473,48.768357184462104],[22.340023400234003,48.76329145265245],[22.32922329223294,48.75653714357293],[22.32922329223294,48.7210770209054],[22.32202322023221,48.70081409366679],[22.31122311223112,48.68223974369809],[22.293222932229327,48.66704254826914],[22.282422824228263,48.661976816459486],[22.257222572225743,48.656911084649835],[22.242822428224287,48.65184535284018],[22.23562235622356,48.643402466490784],[22.224822248222495,48.62820527106183],[22.217622176221766,48.621450961982305],[22.1528215282153,48.585990839314775],[22.138421384213842,48.56910506661595],[22.138421384213842,48.54884213937734],[22.149221492214934,48.50831628490016],[22.14562145621457,48.493119089471236],[22.134821348213478,48.47623331677241],[22.131221312213142,48.40531307143732]]],[[[29.730897308973084,45.592143339812736],[29.806498064980644,45.614094844321215],[29.907299072990725,45.66644073968757],[30.126901269012706,45.8116583848975],[30.076500765007665,45.793084034928796],[29.918099180991817,45.690080821465955],[29.900099000990025,45.67994935784665],[29.87129871298714,45.65799785333817],[29.856898568985685,45.649554966988774],[29.842498424984257,45.646177812449],[29.82809828098283,45.64448923517912],[29.813698136981372,45.641112080639346],[29.81009810098101,45.63098061702004],[29.80289802898031,45.62253773067064],[29.781297812978124,45.61071768978147],[29.730897308973084,45.592143339812736]]],[[[31.50571505715058,46.35538026579974],[31.51291512915131,46.33005160675148],[31.523715237152373,46.313165834052654],[31.548915489154894,46.282771443194775],[31.58131581315814,46.26250851595617],[31.736117361173626,46.220294084209115],[32.103321033210335,46.166259611572855],[32.14292142921431,46.152750993413804],[32.16452164521647,46.14937383887403],[32.153721537215375,46.15612814795358],[32.07092070920709,46.18314538427168],[31.94131941319415,46.20509688878016],[31.617316173161726,46.25913136141642],[31.577715777157778,46.27601713411525],[31.55611556115562,46.296280061353826],[31.53811538115383,46.32667445221173],[31.523715237152373,46.36888888395879],[31.50571505715058,46.37395461576844],[31.50571505715058,46.35538026579974]]],[[[32.61812618126183,46.059879243570265],[33.03933039330394,46.01259908001353],[33.057330573305734,46.02441912090271],[33.04653046530467,46.037927739061786],[32.999729997299994,46.03455058452201],[32.9889298892989,46.04299347087144],[32.97812978129781,46.05312493449071],[32.956529565295654,46.05143635722084],[32.91332913329134,46.03961631633166],[32.88092880928809,46.054813511760614],[32.85212852128521,46.05650208903049],[32.78372783727838,46.046370625411186],[32.639726397263985,46.059879243570265],[32.63252632526326,46.06663355264979],[32.62532625326253,46.06663355264979],[32.61812618126183,46.059879243570265]]]]}}]}